account_id,account_name,industry,country,signup_date,referral_source,plan_tier,seats,is_trial,churn_flag,tenure_days,total_subscriptions,total_upgrades,total_downgrades,avg_mrr,max_mrr,total_revenue,churned,total_usage,avg_usage_duration,total_errors,feature_diversity,beta_usage_ratio,total_tickets,avg_resolution_time,avg_first_response,avg_satisfaction,escalation_rate
A-2e4581,Company_0,EdTech,US,2024-10-16,partner,Basic,9,False,False,495,10,1,0,1260.3,5771,151236,1.0,535,2769.8,38,27,0.07272727272727272,2.0,23.0,91.0,3.0,0.0
A-43a9e3,Company_1,FinTech,IN,2023-08-17,other,Basic,18,False,True,921,8,3,0,1250.5,5572,120048,0.0,355,2889.6,14,23,0.05714285714285714,3.0,38.0,73.33333333333333,4.0,0.0
A-0a282f,Company_2,DevTools,US,2024-08-27,organic,Basic,1,False,False,545,15,1,1,1219.0666666666666,5771,219432,1.0,821,3026.626506024096,48,34,0.060240963855421686,3.0,43.666666666666664,63.666666666666664,4.666666666666667,0.0
A-1f0ac7,Company_3,HealthTech,UK,2023-08-27,other,Basic,24,True,False,911,7,2,0,1325.0,4776,111300,1.0,382,2500.682926829268,21,26,0.12195121951219512,2.0,29.0,174.0,,0.0
A-ce550d,Company_4,HealthTech,US,2024-10-27,event,Enterprise,35,False,True,484,9,2,0,5417.888888888889,21691,585132,1.0,579,3720.3275862068967,31,32,0.06896551724137931,7.0,42.285714285714285,107.85714285714286,3.8,0.14285714285714285
A-1b9609,Company_5,EdTech,IN,2023-10-12,ads,Enterprise,4,False,False,865,11,0,0,1528.1818181818182,6965,201720,1.0,457,2990.2340425531916,21,28,0.1276595744680851,4.0,43.0,74.75,3.0,0.0
A-a0ca4e,Company_6,Cybersecurity,US,2024-03-08,ads,Pro,11,False,False,717,9,0,0,1848.111111111111,5174,199596,0.0,373,2999.076923076923,14,26,0.07692307692307693,6.0,39.166666666666664,89.83333333333333,3.8,0.5
A-e5d6ab,Company_7,EdTech,US,2023-04-15,partner,Pro,3,False,False,1045,10,0,0,1304.8,4179,156576,1.0,382,2719.6585365853657,23,29,0.12195121951219512,3.0,42.666666666666664,57.0,,0.0
A-7dacce,Company_8,Cybersecurity,CA,2024-09-10,event,Enterprise,12,False,True,531,10,1,0,2305.7,13333,276684,1.0,472,3029.7708333333335,29,27,0.10416666666666667,4.0,32.5,75.25,3.6666666666666665,0.0
A-10b8da,Company_9,DevTools,US,2023-05-08,partner,Enterprise,14,False,True,1022,6,1,0,1464.5,3383,105444,0.0,257,2734.0,14,23,0.07407407407407407,3.0,31.333333333333332,71.33333333333333,3.5,0.0
A-592832,Company_10,Cybersecurity,US,2024-09-25,organic,Basic,18,False,True,516,19,1,1,1714.2631578947369,8358,390852,1.0,1053,3230.5247524752476,55,38,0.12871287128712872,3.0,32.666666666666664,80.66666666666667,5.0,0.0
A-d40bf7,Company_11,FinTech,IN,2024-11-08,organic,Basic,59,False,False,472,10,1,0,4324.7,11741,518964,0.0,562,2730.6545454545453,22,29,0.09090909090909091,2.0,20.5,125.5,5.0,0.0
A-6c093d,Company_12,DevTools,US,2023-04-14,partner,Basic,7,True,False,1046,12,2,0,1353.5,12139,194904,0.0,670,3394.921875,30,30,0.15625,3.0,40.333333333333336,68.33333333333333,5.0,0.3333333333333333
A-462d45,Company_13,Cybersecurity,US,2024-01-15,partner,Enterprise,11,True,False,770,12,1,2,1952.6666666666667,10348,281184,1.0,642,2312.478260869565,26,34,0.11594202898550725,4.0,26.75,95.0,4.0,0.0
A-956988,Company_14,EdTech,UK,2024-11-30,ads,Enterprise,1,False,False,450,13,0,1,2262.076923076923,10945,352884,1.0,658,2474.7428571428572,49,32,0.11428571428571428,2.0,50.5,118.0,3.0,0.0
A-ac14bb,Company_15,FinTech,US,2023-09-08,partner,Enterprise,21,False,False,899,8,2,0,3468.25,14129,332952,1.0,531,3163.4444444444443,42,31,0.12962962962962962,2.0,24.5,30.5,4.0,0.0
A-463db0,Company_16,HealthTech,US,2024-12-05,partner,Basic,15,False,False,445,7,0,0,1895.142857142857,8358,159192,1.0,367,2871.864864864865,13,25,0.08108108108108109,6.0,50.166666666666664,94.83333333333333,4.25,0.16666666666666666
A-ce66f8,Company_17,EdTech,CA,2023-08-23,event,Pro,29,False,False,915,6,0,0,1976.3333333333333,7363,142296,0.0,494,2903.4565217391305,19,29,0.13043478260869565,6.0,41.666666666666664,79.16666666666667,3.5,0.0
A-c4ea60,Company_18,FinTech,DE,2023-03-09,other,Enterprise,18,False,True,1082,9,0,1,1627.3333333333333,3582,175752,0.0,427,3191.720930232558,18,28,0.20930232558139536,5.0,36.0,59.0,3.6,0.0
A-832ec2,Company_19,FinTech,UK,2023-11-19,event,Enterprise,4,True,False,827,8,3,0,1162.375,4378,111588,1.0,511,3218.591836734694,25,31,0.12244897959183673,3.0,26.0,108.66666666666667,4.0,0.3333333333333333
A-684255,Company_20,FinTech,US,2024-04-14,ads,Enterprise,9,False,False,680,14,3,1,846.0,2786,142128,1.0,653,2906.8030303030305,44,34,0.22727272727272727,4.0,14.25,97.75,4.666666666666667,0.25
A-c42f1f,Company_21,HealthTech,US,2024-07-28,other,Pro,8,False,False,575,8,1,1,646.875,2388,62100,0.0,337,2810.942857142857,20,24,0.14285714285714285,9.0,31.333333333333332,81.88888888888889,4.0,0.1111111111111111
A-4e44e8,Company_22,DevTools,US,2024-08-20,ads,Enterprise,3,False,True,552,14,2,0,2603.214285714286,15522,437340,1.0,687,3020.1014492753625,37,32,0.11594202898550725,3.0,31.333333333333332,76.66666666666667,3.3333333333333335,0.0
A-30b4ca,Company_23,EdTech,IN,2024-05-20,organic,Basic,86,False,True,644,8,0,0,9492.25,17114,911256,1.0,402,3034.1190476190477,22,28,0.23809523809523808,3.0,57.666666666666664,108.33333333333333,4.0,0.0
A-9f2731,Company_24,FinTech,IN,2024-10-04,event,Enterprise,1,False,False,507,7,0,1,516.1428571428571,1617,43356,1.0,324,3066.03125,20,23,0.0625,,,,,
A-32fb14,Company_25,DevTools,US,2023-03-07,event,Enterprise,26,False,True,1084,9,2,0,1129.111111111111,5174,121944,1.0,488,3206.553191489362,19,27,0.0425531914893617,5.0,34.0,59.6,4.5,0.0
A-00cac8,Company_26,HealthTech,AU,2023-09-15,organic,Enterprise,8,True,False,892,9,0,1,1569.0,7761,169452,0.0,602,2954.5862068965516,31,30,0.1206896551724138,2.0,33.0,120.5,,0.0
A-35083d,Company_27,HealthTech,IN,2023-04-28,partner,Basic,19,False,True,1032,16,3,0,2027.0625,9751,389196,0.0,791,3292.4305555555557,37,29,0.09722222222222222,4.0,49.75,119.0,5.0,0.0
A-eb7fac,Company_28,DevTools,US,2023-10-28,organic,Enterprise,7,False,False,849,10,0,0,4209.6,27064,505152,1.0,538,3504.3207547169814,44,27,0.11320754716981132,4.0,34.0,126.5,4.0,0.0
A-b20d99,Company_29,HealthTech,IN,2023-09-27,other,Basic,20,False,False,880,7,1,0,1581.2857142857142,3980,132828,1.0,329,3188.3030303030305,12,22,0.15151515151515152,2.0,61.5,27.0,3.5,0.0
A-396e5f,Company_30,Cybersecurity,CA,2024-10-02,other,Enterprise,2,False,False,509,10,2,1,1023.6,2597,122832,1.0,540,3189.581818181818,23,29,0.09090909090909091,5.0,24.8,102.8,4.0,0.2
A-45ce7a,Company_31,FinTech,US,2023-07-23,ads,Enterprise,16,False,False,946,7,2,1,1173.7142857142858,3184,98592,0.0,424,3204.5641025641025,30,21,0.05128205128205128,5.0,45.4,91.8,3.6666666666666665,0.0
A-08e34e,Company_32,EdTech,US,2024-06-27,event,Basic,14,False,True,606,11,0,0,1983.7272727272727,5970,261852,1.0,651,2967.126984126984,32,34,0.1111111111111111,3.0,43.0,84.0,3.0,0.0
A-8145a0,Company_33,Cybersecurity,AU,2023-04-25,partner,Basic,2,True,False,1035,12,2,0,1438.3333333333333,4975,207120,1.0,693,3127.765625,27,32,0.078125,6.0,23.666666666666668,90.16666666666667,4.0,0.0
A-bad8c1,Company_34,FinTech,AU,2023-03-01,organic,Basic,7,False,False,1090,7,2,0,1113.857142857143,2646,93564,1.0,385,3396.6216216216217,11,29,0.16216216216216217,1.0,27.0,49.0,4.0,0.0
A-44dc83,Company_35,EdTech,FR,2024-05-12,other,Basic,5,False,False,652,4,0,0,114.0,456,5472,1.0,248,3379.9583333333335,13,16,0.125,7.0,40.857142857142854,76.14285714285714,4.6,0.0
A-f446b6,Company_36,DevTools,DE,2023-05-12,ads,Pro,5,True,False,1018,9,0,0,1265.7777777777778,3582,136704,0.0,376,3269.6153846153848,31,27,0.07692307692307693,8.0,30.75,82.5,4.25,0.125
A-a45270,Company_37,HealthTech,US,2024-06-24,ads,Enterprise,3,False,False,609,12,2,1,1677.5833333333333,4975,241572,1.0,733,3134.957746478873,53,35,0.056338028169014086,4.0,64.0,110.0,4.0,0.0
A-854864,Company_38,FinTech,IN,2024-12-07,event,Enterprise,20,False,False,443,6,0,0,2459.8333333333335,4459,177108,1.0,248,3063.2083333333335,10,17,0.16666666666666666,5.0,44.2,100.8,4.8,0.0
A-1b7577,Company_39,Cybersecurity,US,2024-10-27,other,Pro,4,False,False,484,11,0,1,797.3636363636364,2009,105252,0.0,647,3154.8064516129034,33,33,0.06451612903225806,5.0,27.2,109.4,4.0,0.0
A-05f0e5,Company_40,FinTech,US,2023-05-04,partner,Basic,32,False,False,1026,12,2,0,4259.083333333333,18308,613308,1.0,706,3091.283582089552,46,32,0.13432835820895522,4.0,20.0,108.5,4.0,0.0
A-9077b0,Company_41,HealthTech,US,2024-08-25,ads,Basic,2,False,False,547,7,3,0,509.2857142857143,2786,42780,0.0,493,3180.4565217391305,31,26,0.10869565217391304,3.0,40.333333333333336,136.33333333333334,4.333333333333333,0.0
A-7f8241,Company_42,EdTech,US,2023-03-14,organic,Pro,34,False,True,1077,15,2,0,2634.4,7164,474192,0.0,734,2950.4675324675327,38,34,0.06493506493506493,1.0,36.0,135.0,3.0,0.0
A-2bc93d,Company_43,HealthTech,US,2023-03-14,event,Basic,14,False,False,1077,13,4,0,2491.846153846154,7960,388728,1.0,666,3219.9253731343283,31,33,0.07462686567164178,2.0,12.0,78.0,4.5,0.0
A-f3ff05,Company_44,FinTech,IN,2024-07-06,other,Enterprise,2,False,False,597,13,1,0,1497.3076923076924,9552,233580,1.0,672,3186.7727272727275,36,28,0.06060606060606061,3.0,42.666666666666664,111.33333333333333,3.5,0.0
A-2d4502,Company_45,FinTech,IN,2024-04-29,event,Basic,7,False,False,665,10,2,0,2907.1,8159,348852,1.0,465,2723.340425531915,19,29,0.14893617021276595,3.0,26.333333333333332,82.0,5.0,0.0
A-6a4e2d,Company_46,EdTech,UK,2023-04-07,partner,Pro,9,False,False,1053,11,2,1,944.9090909090909,4378,124728,1.0,597,2928.2033898305085,31,27,0.05084745762711865,2.0,18.5,141.0,4.5,0.5
A-eb7c38,Company_47,DevTools,AU,2024-02-25,organic,Enterprise,5,False,False,729,15,3,1,2547.3333333333335,17910,458520,1.0,693,2913.5142857142855,27,33,0.08571428571428572,5.0,22.4,67.4,4.333333333333333,0.0
A-c37601,Company_48,EdTech,US,2024-10-31,partner,Basic,6,True,False,480,12,0,0,1706.25,10746,245700,1.0,489,2746.5625,21,28,0.0625,4.0,42.25,83.0,3.6666666666666665,0.0
A-3b5cd1,Company_49,FinTech,US,2023-09-12,event,Basic,13,True,False,895,13,2,1,1821.2307692307693,6368,284112,1.0,523,3422.269230769231,24,27,0.09615384615384616,5.0,27.4,46.6,4.0,0.0
A-b2225d,Company_50,FinTech,US,2024-03-08,ads,Basic,47,False,True,717,12,1,1,1590.6666666666667,9353,229056,1.0,696,3242.3698630136987,60,34,0.0684931506849315,2.0,42.0,38.0,3.0,0.0
A-94f8c9,Company_51,HealthTech,US,2024-03-29,other,Basic,13,False,False,696,16,2,1,1999.3125,7164,383868,1.0,746,2650.961038961039,63,33,0.09090909090909091,3.0,47.333333333333336,87.66666666666667,5.0,0.0
A-02fac6,Company_52,FinTech,US,2023-04-06,event,Pro,22,False,False,1054,11,1,0,2400.909090909091,4577,316920,1.0,514,3204.7924528301887,34,32,0.09433962264150944,6.0,23.333333333333332,100.5,4.0,0.0
A-c1dfe1,Company_53,DevTools,DE,2023-08-07,ads,Pro,26,False,False,931,8,1,2,3223.75,8159,309480,1.0,375,3274.025641025641,30,24,0.10256410256410256,3.0,50.333333333333336,93.66666666666667,4.0,0.0
A-32728c,Company_54,DevTools,US,2023-01-03,event,Pro,20,False,True,1147,8,1,0,562.25,980,53976,1.0,418,2812.8048780487807,22,26,0.14634146341463414,2.0,34.5,61.5,3.5,0.0
A-4c38bc,Company_55,HealthTech,UK,2024-03-09,event,Basic,36,False,True,716,16,2,0,3003.75,7164,576720,0.0,818,3350.098765432099,27,37,0.12345679012345678,3.0,48.333333333333336,43.0,3.5,0.0
A-1b707d,Company_56,Cybersecurity,US,2023-07-14,organic,Enterprise,1,False,False,955,8,1,0,1166.5,3781,111984,1.0,399,2906.7368421052633,12,27,0.07894736842105263,3.0,42.666666666666664,75.33333333333333,,0.0
A-6f8ad2,Company_57,EdTech,IN,2024-07-09,organic,Basic,1,False,False,594,17,2,1,1525.1764705882354,6965,311136,0.0,924,2971.465909090909,59,38,0.14772727272727273,4.0,35.25,37.25,4.333333333333333,0.0
A-4d1e75,Company_58,DevTools,US,2024-08-21,other,Basic,20,False,False,551,13,3,1,2414.6153846153848,12338,376680,1.0,477,2904.0392156862745,25,28,0.09803921568627451,2.0,15.0,98.5,4.0,0.0
A-9ee962,Company_59,HealthTech,US,2023-02-28,ads,Basic,9,False,True,1091,9,3,1,1046.6666666666667,5771,113040,1.0,439,3082.7179487179487,17,25,0.07692307692307693,3.0,37.0,69.66666666666667,4.0,0.0
A-378b99,Company_60,EdTech,UK,2024-09-01,ads,Pro,8,True,False,540,12,1,1,1009.6666666666666,3184,145392,1.0,565,3233.189655172414,38,33,0.08620689655172414,6.0,28.5,78.83333333333333,4.5,0.0
A-94d3da,Company_61,HealthTech,US,2023-05-03,other,Basic,41,False,False,1027,12,1,0,1889.4166666666667,8159,272076,1.0,464,3126.0625,25,29,0.10416666666666667,6.0,26.833333333333332,80.5,3.5,0.0
A-e351e1,Company_62,EdTech,US,2024-09-26,other,Enterprise,33,False,False,515,5,0,0,699.6,1617,41976,1.0,295,3532.8275862068967,22,18,0.10344827586206896,4.0,17.0,65.25,3.75,0.0
A-9badbd,Company_63,Cybersecurity,DE,2024-06-19,ads,Enterprise,5,True,False,614,13,0,0,2498.230769230769,11741,389724,0.0,729,3148.3142857142857,45,33,0.11428571428571428,5.0,30.2,102.6,5.0,0.0
A-7e0a10,Company_64,FinTech,US,2023-11-18,ads,Enterprise,46,False,False,828,10,1,0,4111.6,13930,493392,1.0,511,3463.24,35,34,0.1,5.0,39.4,62.6,4.0,0.0
A-118d55,Company_65,Cybersecurity,US,2024-10-22,organic,Basic,8,False,False,489,12,3,4,1993.25,7164,287028,1.0,599,2802.383333333333,33,29,0.08333333333333333,5.0,24.2,56.8,4.333333333333333,0.0
A-526d93,Company_66,HealthTech,FR,2024-04-14,organic,Basic,43,False,False,680,9,2,0,4355.666666666667,9751,470412,1.0,565,2843.089285714286,45,28,0.08928571428571429,5.0,51.4,134.6,3.5,0.2
A-f92792,Company_67,FinTech,US,2024-07-04,ads,Pro,1,False,False,599,14,1,1,1343.357142857143,6965,225684,1.0,528,2813.6603773584907,31,32,0.11320754716981132,2.0,45.0,82.0,4.0,0.0
A-84ebe4,Company_68,FinTech,US,2023-03-12,ads,Pro,18,True,True,1079,11,0,0,2544.909090909091,8955,335928,1.0,396,2944.1666666666665,26,27,0.16666666666666666,4.0,29.5,135.5,4.0,0.0
A-5b4ebb,Company_69,Cybersecurity,UK,2024-07-10,other,Basic,21,True,True,593,13,1,0,2138.6923076923076,12537,333636,0.0,692,2804.285714285714,25,34,0.08571428571428572,5.0,35.4,63.0,4.75,0.0
A-2922b6,Company_70,HealthTech,US,2024-11-14,organic,Basic,15,False,False,466,6,1,0,1778.1666666666667,6965,128028,1.0,393,3168.5675675675675,13,27,0.05405405405405406,2.0,15.5,103.0,4.0,0.0
A-9b9fe9,Company_71,EdTech,AU,2023-09-28,other,Basic,5,False,False,879,12,0,1,1643.75,9950,236700,1.0,597,3391.396551724138,22,30,0.05172413793103448,4.0,33.5,156.5,4.0,0.0
A-a8b49c,Company_72,Cybersecurity,UK,2023-10-06,partner,Basic,7,False,False,871,12,1,0,963.9166666666666,4378,138804,1.0,545,3396.277777777778,43,27,0.018518518518518517,1.0,72.0,105.0,4.0,0.0
A-9174e0,Company_73,Cybersecurity,US,2024-12-04,partner,Basic,37,False,False,446,15,2,0,3598.4,7363,647712,0.0,689,2987.5072463768115,61,34,0.08695652173913043,2.0,39.0,167.0,5.0,0.0
A-a1bbb6,Company_74,DevTools,CA,2023-04-05,organic,Basic,1,False,False,1055,8,0,0,1800.25,5572,172824,0.0,366,3201.7567567567567,20,23,0.1891891891891892,3.0,17.666666666666668,120.66666666666667,4.0,0.0
A-c45b23,Company_75,FinTech,UK,2023-12-08,partner,Basic,5,False,False,808,12,0,0,708.6666666666666,5174,102048,1.0,581,3068.7457627118642,30,32,0.1694915254237288,3.0,36.666666666666664,51.666666666666664,3.0,0.0
A-02cd81,Company_76,HealthTech,IN,2024-03-28,other,Basic,44,False,False,697,14,0,0,2354.0,8756,395472,1.0,684,3045.8888888888887,28,31,0.06944444444444445,3.0,17.333333333333332,84.66666666666667,4.5,0.3333333333333333
A-ee42db,Company_77,EdTech,DE,2023-04-25,ads,Enterprise,13,False,False,1035,12,1,1,963.9166666666666,5635,138804,1.0,511,2794.0,33,31,0.1111111111111111,4.0,33.75,98.25,3.0,0.0
A-432483,Company_78,Cybersecurity,US,2023-02-06,ads,Pro,4,False,False,1113,9,1,0,2868.1111111111113,11940,309756,0.0,451,3365.777777777778,28,25,0.08888888888888889,1.0,51.0,128.0,,0.0
A-9208f0,Company_79,EdTech,US,2023-05-11,organic,Pro,1,False,True,1019,8,1,0,438.875,2786,42132,1.0,538,2994.3584905660377,31,29,0.11320754716981132,8.0,41.25,59.75,3.3333333333333335,0.125
A-98a59a,Company_80,FinTech,UK,2023-08-04,partner,Enterprise,56,False,False,934,10,2,1,3645.6,11144,437472,1.0,455,2827.931818181818,21,27,0.18181818181818182,3.0,37.333333333333336,74.0,4.5,0.0
A-fe79a5,Company_81,HealthTech,IN,2024-02-21,ads,Basic,9,True,False,733,10,2,0,1353.2,4577,162384,0.0,335,2929.4545454545455,17,22,0.06060606060606061,4.0,28.5,61.0,5.0,0.0
A-726cfa,Company_82,DevTools,US,2023-07-01,partner,Pro,11,False,False,968,19,2,0,1830.6315789473683,7562,417384,1.0,993,2877.408163265306,45,40,0.15306122448979592,3.0,35.666666666666664,128.33333333333334,4.0,0.0
A-c43359,Company_83,FinTech,US,2024-11-16,organic,Pro,38,False,False,464,8,2,1,1539.0,7562,147744,1.0,461,3128.744680851064,32,28,0.10638297872340426,3.0,26.666666666666668,107.33333333333333,4.0,0.0
A-271f46,Company_84,DevTools,US,2023-02-09,event,Pro,38,False,True,1110,8,0,0,2450.5,9154,235248,1.0,373,3014.815789473684,16,25,0.02631578947368421,1.0,36.0,79.0,,0.0
A-157070,Company_85,FinTech,US,2023-11-09,ads,Pro,16,False,False,837,16,2,1,1719.125,6965,330072,1.0,696,2632.788732394366,26,37,0.09859154929577464,3.0,42.333333333333336,118.0,3.0,0.3333333333333333
A-40a557,Company_86,Cybersecurity,AU,2023-12-03,partner,Pro,16,True,False,813,9,1,0,2591.5555555555557,10945,279888,1.0,402,2928.641025641026,17,25,0.07692307692307693,7.0,30.571428571428573,94.71428571428571,3.6666666666666665,0.0
A-66224b,Company_87,HealthTech,US,2024-10-18,other,Pro,92,True,False,493,12,0,0,5765.333333333333,18308,830208,0.0,626,3036.5409836065573,29,34,0.16393442622950818,6.0,39.833333333333336,82.5,3.5,0.0
A-91e948,Company_88,EdTech,AU,2023-01-29,partner,Basic,41,False,False,1121,7,2,0,3127.714285714286,8159,262728,0.0,404,2881.5,16,23,0.0,,,,,
A-104f1a,Company_89,Cybersecurity,US,2024-08-17,other,Pro,24,False,False,555,8,0,0,1577.125,6027,151404,1.0,438,3567.0227272727275,22,28,0.045454545454545456,5.0,33.2,50.4,3.75,0.2
A-7988d1,Company_90,Cybersecurity,US,2023-12-20,other,Basic,33,False,False,796,9,0,0,1188.0,6567,128304,1.0,449,3005.7608695652175,28,31,0.15217391304347827,3.0,35.333333333333336,65.33333333333333,4.333333333333333,0.0
A-faa28c,Company_91,HealthTech,US,2024-01-30,organic,Enterprise,48,False,False,755,14,3,0,4171.714285714285,9552,700848,1.0,585,2745.8813559322034,24,25,0.0847457627118644,4.0,52.25,115.5,4.666666666666667,0.25
A-f25509,Company_92,EdTech,US,2024-03-22,other,Enterprise,32,False,False,703,5,0,1,3224.4,6368,193464,1.0,229,3200.1304347826085,15,17,0.13043478260869565,6.0,42.666666666666664,116.0,4.666666666666667,0.0
A-3a7284,Company_93,FinTech,US,2024-11-17,organic,Enterprise,31,False,False,463,12,1,2,2959.9166666666665,7761,426228,1.0,609,3192.7,30,33,0.15,3.0,56.333333333333336,104.33333333333333,3.5,0.0
A-3a5ad8,Company_94,HealthTech,US,2023-12-05,organic,Enterprise,9,True,False,811,13,1,1,2207.769230769231,13930,344412,0.0,506,2459.1923076923076,23,27,0.1346153846153846,4.0,44.75,53.5,4.5,0.0
A-65a46c,Company_95,HealthTech,US,2023-11-04,event,Pro,1,False,False,842,8,2,0,2834.375,15522,272100,0.0,370,3032.0789473684213,21,24,0.18421052631578946,8.0,45.125,91.125,4.0,0.0
A-8b25f2,Company_96,Cybersecurity,US,2024-02-17,ads,Pro,6,False,True,737,13,1,2,1080.6153846153845,5572,168576,0.0,565,2951.740740740741,20,29,0.1111111111111111,2.0,35.5,50.5,4.0,0.0
A-fabe19,Company_97,DevTools,UK,2024-11-11,ads,Enterprise,1,False,False,469,7,2,0,2928.1428571428573,6368,245964,0.0,337,3423.212121212121,16,20,0.030303030303030304,3.0,40.666666666666664,38.333333333333336,4.0,0.0
A-adc1f3,Company_98,Cybersecurity,US,2024-08-05,organic,Pro,2,False,False,567,9,0,0,2956.4444444444443,9950,319296,0.0,334,3337.027777777778,26,24,0.1388888888888889,3.0,47.333333333333336,65.0,3.5,0.0
A-503d5a,Company_99,FinTech,US,2023-10-21,other,Enterprise,4,False,True,856,12,0,1,1490.3333333333333,11144,214608,0.0,605,3585.8474576271187,32,34,0.1016949152542373,9.0,36.55555555555556,81.77777777777777,4.0,0.0
A-fd7ad3,Company_100,Cybersecurity,US,2024-11-01,event,Enterprise,1,False,False,479,10,2,0,383.1,2388,45972,1.0,567,3070.660714285714,42,31,0.16071428571428573,8.0,48.75,98.125,4.166666666666667,0.125
A-186a44,Company_101,HealthTech,US,2023-08-07,ads,Enterprise,20,False,False,931,14,1,1,1499.2142857142858,9353,251868,0.0,614,3369.4918032786886,25,30,0.11475409836065574,7.0,38.285714285714285,110.42857142857143,3.5,0.0
A-e888d1,Company_102,Cybersecurity,US,2023-03-28,other,Pro,14,False,False,1063,11,1,0,1240.5454545454545,3781,163752,1.0,552,3040.1346153846152,36,31,0.09615384615384616,5.0,43.0,104.0,4.0,0.2
A-69fad4,Company_103,FinTech,UK,2023-04-06,ads,Basic,6,False,True,1054,7,0,0,1245.857142857143,4378,104652,1.0,412,3196.051282051282,24,24,0.10256410256410256,4.0,43.0,116.75,3.6666666666666665,0.0
A-9289f6,Company_104,EdTech,US,2023-05-31,event,Enterprise,1,False,False,999,12,2,0,1091.3333333333333,3969,157152,1.0,642,2946.6911764705883,38,33,0.10294117647058823,6.0,37.5,70.0,4.333333333333333,0.0
A-f19409,Company_105,DevTools,US,2023-03-16,other,Basic,23,False,True,1075,12,2,0,2844.6666666666665,7960,409632,1.0,659,3384.064516129032,31,33,0.1935483870967742,3.0,6.333333333333333,103.33333333333333,4.0,0.0
A-22f2df,Company_106,DevTools,US,2024-12-14,ads,Basic,3,False,False,436,9,1,1,827.8888888888889,2989,89412,0.0,429,2836.3571428571427,17,25,0.11904761904761904,5.0,44.8,71.6,5.0,0.0
A-039727,Company_107,EdTech,AU,2024-11-02,organic,Pro,25,False,False,478,15,3,2,2428.0,5970,437040,1.0,768,3372.2297297297296,32,33,0.04054054054054054,,,,,
A-2e3bad,Company_108,FinTech,CA,2023-08-13,other,Pro,61,False,False,925,10,0,0,4587.2,12139,550464,1.0,435,2749.733333333333,26,25,0.13333333333333333,5.0,31.4,107.0,3.5,0.0
A-484819,Company_109,HealthTech,US,2023-02-21,organic,Pro,18,False,False,1098,8,3,0,2575.5,5174,247248,1.0,336,3517.4545454545455,20,22,0.09090909090909091,5.0,33.2,139.6,4.5,0.0
A-425e76,Company_110,DevTools,UK,2023-05-17,other,Enterprise,8,False,True,1013,11,1,0,1555.5454545454545,6368,205332,1.0,438,2842.0625,24,29,0.10416666666666667,5.0,48.2,119.2,3.3333333333333335,0.2
A-e83938,Company_111,DevTools,UK,2023-11-21,other,Pro,2,True,True,825,8,2,0,937.875,3184,90036,1.0,266,2814.483870967742,18,22,0.06451612903225806,4.0,31.0,72.5,3.0,0.0
A-ad296b,Company_112,DevTools,AU,2024-07-15,event,Pro,38,False,False,588,6,0,0,3071.6666666666665,7562,221160,0.0,294,3348.548387096774,12,24,0.06451612903225806,3.0,28.333333333333332,83.33333333333333,3.6666666666666665,0.3333333333333333
A-e51ec7,Company_113,FinTech,CA,2023-09-23,partner,Enterprise,2,False,False,884,8,2,1,3009.5,16517,288912,1.0,417,3168.625,18,26,0.1,3.0,37.0,93.33333333333333,5.0,0.0
A-0aaf6e,Company_114,FinTech,US,2024-05-11,organic,Enterprise,3,False,False,653,9,0,0,2676.0,17512,289008,0.0,599,3025.2982456140353,39,25,0.10526315789473684,5.0,45.0,75.4,4.0,0.0
A-e61e98,Company_115,FinTech,US,2023-10-20,partner,Enterprise,19,False,True,857,9,2,0,1498.2222222222222,6766,161808,1.0,527,2357.035714285714,25,32,0.125,6.0,30.333333333333332,88.5,4.6,0.16666666666666666
A-92a333,Company_116,FinTech,US,2023-03-24,event,Enterprise,9,False,False,1067,6,0,1,1776.5,6567,127908,0.0,364,2879.027777777778,30,22,0.05555555555555555,4.0,23.25,58.25,,0.25
A-95b24a,Company_117,FinTech,US,2023-06-06,event,Pro,38,False,True,993,11,4,1,2275.818181818182,8557,300408,0.0,611,3046.064516129032,34,32,0.12903225806451613,5.0,21.2,90.4,4.25,0.0
A-42e5e1,Company_118,DevTools,US,2024-07-09,ads,Pro,1,False,True,594,7,1,1,1273.7142857142858,4378,106992,1.0,411,2846.439024390244,41,24,0.04878048780487805,3.0,29.0,81.33333333333333,4.0,0.0
A-7d514c,Company_119,HealthTech,DE,2024-02-03,organic,Enterprise,17,False,False,751,9,2,0,2697.1111111111113,8557,291288,0.0,502,3056.3958333333335,30,30,0.14583333333333334,3.0,33.333333333333336,49.666666666666664,5.0,0.0
A-65aeb5,Company_120,DevTools,US,2024-01-25,partner,Pro,9,False,False,760,12,0,1,2866.0,12537,412704,1.0,533,2691.5272727272727,40,30,0.05454545454545454,2.0,42.5,159.5,5.0,0.0
A-e2cd1b,Company_121,DevTools,US,2024-02-04,other,Enterprise,15,False,False,750,9,1,0,1394.2222222222222,3184,150576,0.0,465,2817.204081632653,18,29,0.14285714285714285,5.0,37.8,76.0,4.0,0.0
A-180abf,Company_122,DevTools,US,2023-08-14,event,Pro,64,False,True,924,9,2,0,4145.777777777777,12736,447744,1.0,499,2838.5416666666665,28,29,0.10416666666666667,3.0,36.333333333333336,62.333333333333336,3.0,0.0
A-f17767,Company_123,DevTools,US,2023-01-30,event,Enterprise,1,True,True,1120,14,3,1,1152.7857142857142,7761,193668,1.0,713,3028.6521739130435,38,35,0.057971014492753624,3.0,36.333333333333336,115.0,4.0,0.3333333333333333
A-5a184f,Company_124,DevTools,DE,2023-06-19,other,Enterprise,1,False,True,980,10,0,1,2068.3,9154,248196,1.0,587,3081.2105263157896,29,30,0.03508771929824561,3.0,15.333333333333334,42.333333333333336,4.333333333333333,0.0
A-7df7a7,Company_125,DevTools,US,2023-01-28,organic,Basic,7,False,True,1122,15,0,2,1943.6666666666667,8955,349860,1.0,922,2822.098901098901,47,36,0.10989010989010989,3.0,28.0,93.0,4.0,0.3333333333333333
A-1ac5e0,Company_126,DevTools,US,2024-10-20,event,Basic,33,False,True,491,10,0,0,1824.9,6567,218988,0.0,558,2998.285714285714,31,31,0.125,7.0,40.42857142857143,76.0,3.8,0.0
A-52dd88,Company_127,Cybersecurity,US,2023-02-21,ads,Pro,23,False,False,1098,11,1,0,1508.3636363636363,5174,199104,0.0,516,3616.46,33,28,0.08,1.0,72.0,111.0,,0.0
A-bece89,Company_128,Cybersecurity,IN,2023-12-01,event,Pro,26,False,False,815,6,1,0,3208.3333333333335,5174,231000,1.0,176,2532.2105263157896,13,16,0.10526315789473684,4.0,32.5,103.75,4.0,0.25
A-029f69,Company_129,Cybersecurity,CA,2024-03-07,event,Basic,3,False,False,718,16,2,0,914.875,4776,175656,1.0,789,2872.3214285714284,42,37,0.10714285714285714,2.0,42.0,108.0,3.0,0.0
A-5c046d,Company_130,EdTech,FR,2024-07-06,partner,Basic,93,False,False,597,8,0,0,10485.75,18507,1006632,0.0,475,2781.0,23,27,0.10869565217391304,1.0,13.0,128.0,3.0,0.0
A-fb186e,Company_131,EdTech,IN,2024-10-27,organic,Basic,29,False,False,484,3,0,0,1923.6666666666667,5771,69252,0.0,207,3608.5,7,15,0.15,6.0,26.166666666666668,81.0,3.6666666666666665,0.0
A-ae052e,Company_132,FinTech,CA,2023-09-11,other,Basic,39,False,False,896,6,1,1,1282.1666666666667,1960,92316,1.0,300,3047.689655172414,12,24,0.20689655172413793,4.0,31.25,60.5,4.0,0.0
A-9f9299,Company_133,FinTech,US,2023-09-02,organic,Enterprise,28,True,False,905,15,0,0,2826.866666666667,5572,508836,1.0,830,3040.764705882353,54,37,0.11764705882352941,5.0,36.2,116.2,5.0,0.0
A-96e141,Company_134,DevTools,UK,2023-08-12,partner,Basic,14,False,False,926,7,0,0,2209.714285714286,4975,185616,1.0,346,2266.3055555555557,19,26,0.05555555555555555,5.0,32.8,68.4,4.333333333333333,0.0
A-117171,Company_135,HealthTech,FR,2024-09-12,organic,Basic,45,False,True,529,5,0,1,2403.0,8955,144180,1.0,208,2850.6666666666665,11,15,0.047619047619047616,6.0,32.5,68.33333333333333,3.6666666666666665,0.16666666666666666
A-313be3,Company_136,EdTech,US,2023-11-15,partner,Enterprise,47,True,False,831,11,1,0,1727.8181818181818,9353,228072,1.0,560,2886.754385964912,40,33,0.05263157894736842,4.0,22.5,80.25,5.0,0.25
A-671f31,Company_137,DevTools,US,2024-11-24,ads,Basic,59,False,False,456,6,0,1,5064.166666666667,11741,364620,0.0,167,2555.823529411765,16,13,0.0,7.0,33.0,78.0,4.2,0.0
A-bbc346,Company_138,FinTech,US,2024-08-29,partner,Enterprise,19,False,False,543,13,3,2,2547.846153846154,8955,397464,1.0,650,2893.1612903225805,37,34,0.0967741935483871,3.0,45.333333333333336,102.66666666666667,4.5,0.0
A-c16101,Company_139,EdTech,IN,2024-09-06,other,Basic,7,False,False,535,10,1,1,1242.2,4378,149064,1.0,561,3381.5272727272727,29,31,0.16363636363636364,4.0,28.0,82.0,5.0,0.25
A-50f3f7,Company_140,HealthTech,US,2023-12-22,partner,Basic,31,False,True,794,15,0,2,2938.4666666666667,8955,528924,0.0,685,2873.5138888888887,45,30,0.09722222222222222,6.0,37.833333333333336,67.83333333333333,5.0,0.16666666666666666
A-7da956,Company_141,Cybersecurity,US,2024-06-02,event,Pro,13,True,False,631,12,1,2,913.5833333333334,2985,131556,0.0,543,2949.627450980392,35,28,0.0784313725490196,3.0,32.666666666666664,88.0,5.0,0.0
A-019782,Company_142,DevTools,FR,2023-04-19,event,Enterprise,11,False,False,1041,9,1,0,928.1111111111111,3184,100236,0.0,562,2924.509090909091,30,28,0.05454545454545454,2.0,10.0,107.0,3.0,0.0
A-df10db,Company_143,DevTools,US,2023-06-06,other,Enterprise,2,True,False,993,11,2,0,1066.3636363636363,6567,140760,1.0,697,3359.0,40,31,0.03125,2.0,68.5,86.5,3.0,0.5
A-3932db,Company_144,HealthTech,CA,2023-10-04,other,Pro,19,True,True,873,9,2,1,1565.2222222222222,6965,169044,0.0,434,2933.978260869565,28,28,0.08695652173913043,6.0,41.0,86.5,4.333333333333333,0.0
A-4f18f0,Company_145,DevTools,CA,2024-04-21,other,Pro,24,True,False,673,12,0,1,2522.0,11741,363168,1.0,544,2948.2631578947367,25,33,0.10526315789473684,5.0,39.2,61.4,4.0,0.0
A-4c6f11,Company_146,FinTech,CA,2023-11-27,organic,Pro,24,True,True,819,5,0,1,1517.2,4776,91032,1.0,268,3535.625,4,20,0.041666666666666664,3.0,44.666666666666664,63.0,4.333333333333333,0.0
A-8ae05d,Company_147,FinTech,IN,2024-04-06,other,Enterprise,86,False,False,688,7,0,0,3747.1428571428573,17114,314760,1.0,203,3872.3,10,16,0.05,1.0,47.0,48.0,4.0,0.0
A-b78bf8,Company_148,DevTools,US,2024-11-15,event,Pro,33,False,False,465,8,1,1,2802.875,9751,269076,1.0,421,2947.6666666666665,11,24,0.16666666666666666,5.0,24.2,88.8,4.2,0.0
A-eafc6e,Company_149,DevTools,US,2023-07-06,partner,Pro,27,False,True,963,7,0,0,2318.4285714285716,6766,194748,1.0,300,2819.3125,15,23,0.09375,1.0,64.0,136.0,,0.0
A-37f969,Company_150,HealthTech,IN,2023-10-14,partner,Enterprise,30,False,False,863,8,2,0,2869.875,5970,275508,1.0,312,3370.375,14,25,0.15625,5.0,22.2,94.0,3.6666666666666665,0.2
A-10b8f2,Company_151,HealthTech,DE,2023-01-11,organic,Basic,47,True,False,1139,12,1,0,2559.9166666666665,9353,368628,1.0,560,3092.5535714285716,23,29,0.17857142857142858,3.0,46.333333333333336,67.0,4.333333333333333,0.0
A-439b2f,Company_152,DevTools,US,2024-02-21,ads,Enterprise,1,False,True,733,6,1,0,299.3333333333333,1274,21552,1.0,171,2713.55,5,14,0.1,3.0,18.333333333333332,85.33333333333333,,0.0
A-544d0a,Company_153,DevTools,US,2024-05-02,organic,Basic,2,True,False,662,10,1,2,1849.2,12736,221904,0.0,510,3251.6170212765956,22,27,0.14893617021276595,2.0,38.5,98.0,4.0,0.5
A-ba6516,Company_154,FinTech,US,2023-10-29,ads,Pro,27,False,False,848,13,1,3,2183.0,7562,340548,1.0,642,3559.233333333333,32,31,0.13333333333333333,6.0,31.5,71.0,4.0,0.0
A-712426,Company_155,HealthTech,US,2024-11-10,other,Enterprise,9,False,False,470,15,2,0,746.4666666666667,2587,134364,1.0,696,3066.8714285714286,31,32,0.08571428571428572,6.0,37.333333333333336,79.16666666666667,4.4,0.0
A-038089,Company_156,DevTools,FR,2023-12-19,other,Pro,5,False,True,797,3,0,0,701.3333333333334,1764,25248,1.0,210,3183.65,15,15,0.05,6.0,30.166666666666668,86.16666666666667,3.6666666666666665,0.0
A-afa505,Company_157,DevTools,US,2023-12-27,partner,Basic,70,True,False,789,9,2,1,7334.444444444444,13930,792120,1.0,507,3189.6666666666665,28,33,0.1568627450980392,4.0,37.25,88.25,3.0,0.25
A-d5a319,Company_158,FinTech,US,2023-05-04,other,Enterprise,15,False,True,1026,12,3,2,3153.9166666666665,13930,454164,0.0,604,3604.322033898305,43,32,0.0847457627118644,1.0,17.0,132.0,4.0,1.0
A-f97b9a,Company_159,FinTech,US,2023-07-09,event,Pro,16,False,False,960,11,1,0,2166.6363636363635,7164,285996,0.0,561,3093.589285714286,33,29,0.10714285714285714,7.0,31.714285714285715,69.85714285714286,3.6666666666666665,0.0
A-2f6a32,Company_160,HealthTech,US,2024-08-26,organic,Basic,19,False,False,546,11,1,0,683.0,1617,90156,0.0,654,3140.651515151515,46,32,0.09090909090909091,2.0,41.0,72.0,3.5,0.0
A-856b1e,Company_161,FinTech,US,2023-10-31,partner,Basic,19,False,False,846,6,1,0,1053.5,1764,75852,0.0,230,2757.304347826087,24,17,0.17391304347826086,5.0,36.0,79.4,,0.2
A-17939a,Company_162,HealthTech,US,2024-12-26,organic,Basic,1,False,False,424,11,0,0,879.0,2587,116028,0.0,440,2589.8936170212764,43,25,0.10638297872340426,7.0,38.0,83.42857142857143,4.5,0.0
A-d27f50,Company_163,Cybersecurity,UK,2024-07-20,ads,Enterprise,44,False,False,583,12,1,0,3734.5833333333335,9552,537780,0.0,481,3402.02,31,29,0.08,4.0,37.5,116.5,3.75,0.0
A-e36807,Company_164,EdTech,AU,2024-05-17,other,Pro,6,False,False,647,10,0,0,1256.9,2786,150828,0.0,446,2874.469387755102,27,27,0.08163265306122448,2.0,41.0,152.0,4.5,0.0
A-ff79f2,Company_165,DevTools,US,2024-04-25,ads,Basic,8,False,True,669,9,2,0,3097.0,16517,334476,0.0,393,3264.5853658536585,12,24,0.0975609756097561,2.0,50.0,82.5,,0.0
A-5b1bcd,Company_166,DevTools,US,2023-09-16,organic,Pro,73,False,False,891,15,3,0,8886.533333333333,14527,1599576,1.0,869,2921.906976744186,54,34,0.06976744186046512,4.0,43.25,92.5,4.5,0.0
A-71615e,Company_167,EdTech,US,2024-05-18,organic,Basic,15,False,False,646,13,3,0,3131.769230769231,11940,488556,1.0,620,3141.9193548387098,41,29,0.06451612903225806,1.0,49.0,77.0,,0.0
A-794a0b,Company_168,HealthTech,DE,2023-06-02,organic,Basic,23,False,False,997,7,0,0,1510.7142857142858,6169,126900,1.0,347,2478.9473684210525,31,28,0.02631578947368421,,,,,
A-86902e,Company_169,HealthTech,IN,2023-05-02,other,Enterprise,34,False,False,1028,10,2,0,3604.1,12139,432492,1.0,628,3211.5714285714284,36,32,0.09523809523809523,9.0,40.888888888888886,71.44444444444444,3.5,0.0
A-0532a9,Company_170,FinTech,IN,2024-09-25,event,Pro,19,False,False,516,10,4,1,1516.1,5373,181932,1.0,519,2922.074074074074,30,30,0.12962962962962962,8.0,30.75,73.375,3.0,0.0
A-9779ad,Company_171,Cybersecurity,AU,2024-03-29,event,Pro,40,True,True,696,10,0,0,5168.0,7960,620160,1.0,413,2536.720930232558,25,29,0.06976744186046512,3.0,20.666666666666668,116.33333333333333,5.0,0.0
A-f45426,Company_172,HealthTech,US,2024-08-05,organic,Basic,9,False,False,567,11,0,3,1571.7272727272727,9154,207468,1.0,624,3141.8196721311474,49,33,0.08196721311475409,3.0,17.0,69.0,4.0,0.0
A-c1e51e,Company_173,FinTech,US,2024-10-02,organic,Basic,3,False,False,509,10,1,1,2390.5,10945,286860,1.0,518,3044.56,36,28,0.14,5.0,40.0,75.6,3.2,0.0
A-fa3095,Company_174,FinTech,US,2023-09-03,ads,Basic,70,False,False,904,12,0,0,5769.166666666667,13930,830760,1.0,600,3425.423728813559,42,31,0.0847457627118644,5.0,49.2,84.0,5.0,0.0
A-ad64c6,Company_175,DevTools,UK,2024-02-23,event,Pro,12,False,False,731,6,0,0,2451.3333333333335,5572,176496,1.0,215,3980.25,18,16,0.1,4.0,34.0,98.5,5.0,0.0
A-39b19f,Company_176,FinTech,US,2023-02-03,partner,Enterprise,1,False,False,1116,11,1,1,1930.6363636363637,8159,254844,1.0,530,2455.6545454545453,37,30,0.09090909090909091,6.0,47.833333333333336,87.5,4.25,0.16666666666666666
A-56962b,Company_177,EdTech,UK,2024-04-09,partner,Enterprise,163,False,False,685,7,1,0,7800.714285714285,32437,655260,1.0,271,2825.655172413793,25,16,0.13793103448275862,4.0,37.5,105.5,3.0,0.0
A-e60f9d,Company_178,FinTech,US,2024-08-26,other,Basic,29,False,False,546,15,0,2,3387.8,11542,609804,0.0,629,2557.8548387096776,24,30,0.08064516129032258,2.0,70.5,106.5,,0.0
A-88c6ca,Company_179,FinTech,DE,2024-10-25,ads,Basic,5,False,True,486,7,0,0,921.2857142857143,2401,77388,0.0,446,3027.7906976744184,19,27,0.18604651162790697,1.0,56.0,12.0,,0.0
A-158f4e,Company_180,FinTech,IN,2023-03-03,other,Enterprise,61,False,False,1088,12,0,0,3654.9166666666665,12139,526308,1.0,453,2539.9591836734694,29,32,0.061224489795918366,5.0,27.6,126.0,4.333333333333333,0.0
A-5b051a,Company_181,Cybersecurity,US,2024-08-05,event,Enterprise,22,False,False,567,4,0,0,583.0,1078,27984,0.0,171,2804.0,17,14,0.1875,1.0,2.0,2.0,3.0,0.0
A-296d7c,Company_182,DevTools,DE,2023-11-08,other,Enterprise,2,False,False,838,7,0,0,284.14285714285717,784,23868,1.0,357,3780.3939393939395,18,21,0.21212121212121213,5.0,50.4,105.2,3.75,0.0
A-1619f8,Company_183,DevTools,US,2024-05-20,organic,Pro,29,False,False,644,7,1,0,2827.1428571428573,10945,237480,1.0,432,3399.690476190476,26,27,0.047619047619047616,3.0,42.0,81.0,5.0,0.0
A-a1b80b,Company_184,HealthTech,US,2023-11-27,organic,Basic,16,False,False,819,16,3,1,2161.8125,10348,415068,1.0,749,3091.8055555555557,48,33,0.06944444444444445,4.0,41.0,72.5,4.0,0.0
A-139c3b,Company_185,HealthTech,US,2024-11-21,organic,Enterprise,10,True,True,459,8,1,0,1128.375,3582,108324,0.0,478,3422.75,16,27,0.1590909090909091,9.0,28.444444444444443,66.11111111111111,4.5,0.0
A-702032,Company_186,HealthTech,US,2023-10-03,ads,Pro,28,False,False,874,6,1,0,1423.3333333333333,5572,102480,1.0,285,3529.846153846154,15,19,0.038461538461538464,4.0,26.0,98.25,3.0,0.0
A-7a0d69,Company_187,DevTools,DE,2024-06-15,ads,Enterprise,4,True,True,618,11,2,0,942.0,5174,124344,1.0,606,2937.1639344262294,31,31,0.08196721311475409,2.0,29.0,52.5,5.0,0.0
A-22d9d2,Company_188,DevTools,FR,2024-03-22,event,Pro,8,False,False,703,14,2,1,1339.0,4508,224952,1.0,782,3195.72,43,35,0.08,6.0,16.0,88.0,4.0,0.16666666666666666
A-b9eed8,Company_189,Cybersecurity,US,2024-02-23,organic,Basic,11,False,False,731,11,0,3,1507.0,6766,198924,1.0,623,2761.8688524590166,55,29,0.14754098360655737,5.0,29.2,103.8,3.75,0.2
A-dfbd31,Company_190,DevTools,UK,2023-12-04,partner,Enterprise,14,False,False,812,14,1,1,1791.357142857143,12338,300948,1.0,599,3375.425925925926,19,27,0.12962962962962962,6.0,29.666666666666668,129.83333333333334,4.25,0.0
A-8e47ca,Company_191,HealthTech,US,2024-02-15,organic,Pro,19,False,False,739,9,1,0,3124.4444444444443,6169,337440,1.0,441,2902.108695652174,35,29,0.043478260869565216,5.0,33.4,80.6,4.0,0.2
A-4437e4,Company_192,Cybersecurity,US,2023-09-16,event,Enterprise,3,False,False,891,16,4,1,1114.4375,3184,213972,1.0,806,3135.7951807228915,43,37,0.0963855421686747,6.0,34.666666666666664,125.33333333333333,3.0,0.3333333333333333
A-779e4e,Company_193,HealthTech,US,2023-01-02,organic,Basic,5,False,False,1148,10,2,1,2808.1,11542,336972,0.0,393,2523.590909090909,20,28,0.13636363636363635,5.0,26.6,91.6,4.0,0.0
A-53f4e3,Company_194,Cybersecurity,UK,2024-06-14,event,Enterprise,13,False,False,619,10,0,0,1507.2,4557,180864,1.0,410,2898.3863636363635,45,29,0.022727272727272728,5.0,28.6,99.0,4.0,0.0
A-692f18,Company_195,EdTech,US,2024-03-28,other,Basic,5,True,True,697,17,2,1,1797.0588235294117,7363,366600,1.0,871,3010.4712643678163,55,36,0.10344827586206896,2.0,37.5,120.0,5.0,0.0
A-13466a,Company_196,DevTools,AU,2023-10-22,event,Basic,2,False,True,855,6,0,0,2223.8333333333335,7960,160116,1.0,205,2615.409090909091,14,17,0.09090909090909091,3.0,32.333333333333336,94.33333333333333,4.333333333333333,0.3333333333333333
A-1986ca,Company_197,HealthTech,IN,2023-01-30,ads,Pro,20,False,False,1120,7,1,0,3951.5714285714284,6169,331932,0.0,362,2767.0810810810813,23,26,0.13513513513513514,7.0,36.57142857142857,106.57142857142857,3.4,0.0
A-0cc442,Company_198,EdTech,US,2024-07-18,organic,Basic,45,False,False,585,13,3,1,4764.2307692307695,10547,743220,1.0,765,2996.87012987013,41,34,0.09090909090909091,3.0,37.0,47.333333333333336,3.0,0.0
A-c608c8,Company_199,DevTools,DE,2023-04-27,ads,Pro,3,False,True,1033,8,1,1,1189.25,2842,114168,1.0,445,3356.860465116279,27,29,0.11627906976744186,2.0,59.0,66.0,3.0,0.0
A-3be56b,Company_200,HealthTech,IN,2023-10-26,event,Pro,3,False,True,851,12,1,1,1420.0,5970,204480,1.0,528,3089.2363636363634,33,28,0.14545454545454545,4.0,40.25,74.0,3.5,0.0
A-354f12,Company_201,FinTech,US,2024-04-28,ads,Pro,1,True,False,666,4,0,1,2222.25,6766,106668,1.0,158,3234.0,3,14,0.06666666666666667,2.0,56.5,137.5,,0.0
A-68f37c,Company_202,HealthTech,US,2023-07-15,ads,Basic,4,False,False,954,12,3,0,2689.1666666666665,24079,387240,1.0,624,3119.3230769230768,40,30,0.09230769230769231,5.0,20.2,119.8,4.0,0.0
A-aa9511,Company_203,DevTools,US,2023-10-10,other,Pro,23,True,False,867,15,0,1,4064.6666666666665,19303,731640,1.0,625,2915.7846153846153,35,33,0.07692307692307693,2.0,56.5,98.5,4.0,0.0
A-af0cd2,Company_204,Cybersecurity,IN,2023-01-03,other,Enterprise,19,True,False,1147,11,1,0,587.2727272727273,1083,77520,1.0,687,3219.5142857142855,33,31,0.11428571428571428,3.0,54.333333333333336,149.33333333333334,,0.0
A-bd4513,Company_205,DevTools,AU,2024-11-06,event,Enterprise,50,True,False,474,12,2,0,4350.333333333333,9950,626448,1.0,507,3089.156862745098,34,28,0.0784313725490196,3.0,42.0,58.666666666666664,4.666666666666667,0.0
A-c222ab,Company_206,Cybersecurity,US,2024-05-10,other,Pro,32,False,True,654,7,1,0,2665.1428571428573,6368,223872,1.0,435,2965.3555555555554,33,27,0.13333333333333333,4.0,39.0,94.5,5.0,0.0
A-34d880,Company_207,Cybersecurity,AU,2024-04-11,ads,Enterprise,4,False,False,683,9,0,0,2329.3333333333335,10547,251568,1.0,474,3072.851063829787,40,29,0.06382978723404255,5.0,52.2,90.8,3.0,0.0
A-508199,Company_208,FinTech,AU,2024-01-28,event,Basic,19,False,False,757,5,0,0,1687.2,3781,101232,0.0,231,3349.5416666666665,15,16,0.08333333333333333,3.0,50.666666666666664,67.33333333333333,3.0,0.0
A-f03140,Company_209,DevTools,IN,2023-11-22,event,Pro,27,True,False,824,10,1,1,2107.5,5373,252900,1.0,595,3455.5263157894738,22,32,0.07017543859649122,7.0,36.0,113.14285714285714,3.6666666666666665,0.0
A-410e86,Company_210,FinTech,US,2024-11-10,organic,Basic,24,False,False,470,7,0,0,2280.0,4776,191520,0.0,292,3581.4333333333334,21,22,0.1,5.0,42.6,110.0,3.5,0.0
A-fa2041,Company_211,HealthTech,US,2024-05-29,organic,Pro,15,True,False,635,12,0,0,1742.9166666666667,3582,250980,1.0,552,2578.0819672131147,34,34,0.09836065573770492,1.0,16.0,99.0,3.0,0.0
A-de58ca,Company_212,HealthTech,DE,2023-04-13,organic,Enterprise,15,False,False,1047,11,0,0,2173.181818181818,12338,286860,0.0,505,2896.7755102040815,33,28,0.14285714285714285,5.0,30.6,115.0,3.3333333333333335,0.0
A-05d3b3,Company_213,DevTools,AU,2023-05-28,ads,Basic,9,True,False,1002,13,0,0,970.0,3781,151320,1.0,642,3021.296875,22,32,0.0625,6.0,31.5,48.333333333333336,4.333333333333333,0.0
A-249769,Company_214,Cybersecurity,US,2024-04-25,event,Enterprise,4,False,True,669,13,0,0,1209.0,11144,188604,1.0,678,2849.6617647058824,30,31,0.04411764705882353,2.0,39.5,96.5,4.0,0.0
A-e43bf7,Company_215,Cybersecurity,AU,2023-03-24,other,Pro,44,False,False,1067,7,3,0,6666.571428571428,13930,559992,1.0,371,2586.375,35,26,0.05,5.0,27.4,80.0,4.0,0.2
A-eb2fdc,Company_216,DevTools,AU,2023-11-21,organic,Enterprise,31,False,True,825,12,0,0,2664.0,9353,383616,1.0,547,3234.5,17,29,0.05555555555555555,5.0,33.6,37.6,4.5,0.0
A-e1462e,Company_217,FinTech,UK,2023-03-12,partner,Basic,15,False,False,1079,7,1,1,1718.5714285714287,5771,144360,1.0,347,2802.7714285714287,22,26,0.11428571428571428,2.0,39.5,118.5,3.5,0.0
A-cab532,Company_218,DevTools,FR,2023-04-03,organic,Pro,11,True,False,1057,15,2,1,1339.2,4975,241056,1.0,1005,2709.29702970297,47,38,0.06930693069306931,1.0,32.0,175.0,4.0,0.0
A-9123ac,Company_219,Cybersecurity,DE,2023-06-20,organic,Pro,9,False,False,979,7,0,1,2107.285714285714,8358,177012,1.0,386,3243.6216216216217,24,28,0.10810810810810811,6.0,38.833333333333336,91.66666666666667,4.2,0.0
A-6e08f3,Company_220,Cybersecurity,US,2023-02-27,event,Basic,8,False,False,1092,10,1,1,1819.0,5572,218280,1.0,492,2981.56,21,28,0.14,2.0,36.5,137.0,3.5,0.0
A-d922bf,Company_221,HealthTech,US,2023-09-08,ads,Basic,5,True,True,899,7,0,0,2444.8571428571427,6368,205368,1.0,419,3271.1951219512193,19,24,0.07317073170731707,7.0,39.142857142857146,101.14285714285714,3.3333333333333335,0.14285714285714285
A-8ed5dd,Company_222,EdTech,UK,2023-06-29,event,Enterprise,5,False,True,970,12,3,1,996.3333333333334,5970,143472,1.0,545,3149.4,45,29,0.03636363636363636,6.0,29.0,96.83333333333333,3.75,0.0
A-7c6b6b,Company_223,FinTech,US,2024-11-30,other,Basic,6,False,False,450,7,0,0,688.2857142857143,1372,57816,1.0,311,2356.3142857142857,24,22,0.14285714285714285,5.0,52.2,82.4,4.333333333333333,0.0
A-3c1a3f,Company_224,DevTools,UK,2023-08-26,event,Pro,1,False,False,912,12,0,1,1242.4166666666667,5771,178908,0.0,497,3379.235294117647,22,31,0.09803921568627451,4.0,33.25,56.5,3.5,0.0
A-b48f73,Company_225,EdTech,AU,2024-11-13,event,Pro,80,True,False,467,7,0,0,4045.714285714286,15920,339840,0.0,412,2691.2727272727275,23,24,0.06818181818181818,3.0,28.666666666666668,35.333333333333336,4.0,0.0
A-76fa4d,Company_226,HealthTech,US,2024-11-24,event,Pro,69,False,False,456,7,0,0,8812.285714285714,13731,740232,1.0,357,3506.972222222222,21,21,0.1111111111111111,5.0,33.4,111.8,4.5,0.0
A-b2af2e,Company_227,Cybersecurity,UK,2024-08-24,event,Enterprise,5,False,False,548,4,0,1,778.0,1026,37344,1.0,174,3345.222222222222,11,14,0.2222222222222222,2.0,39.5,95.0,4.0,0.0
A-9bfc9f,Company_228,DevTools,CA,2023-09-14,ads,Pro,53,False,False,893,9,3,2,1704.6666666666667,2940,184104,0.0,376,2969.2432432432433,18,23,0.10810810810810811,6.0,35.333333333333336,84.33333333333333,3.3333333333333335,0.16666666666666666
A-4ae22a,Company_229,EdTech,US,2024-05-09,other,Pro,6,False,True,655,7,0,0,1347.4285714285713,5572,113184,1.0,369,4068.2,31,24,0.17142857142857143,3.0,14.333333333333334,72.66666666666667,3.0,0.0
A-fda07f,Company_230,Cybersecurity,FR,2024-08-11,partner,Basic,7,False,False,561,12,4,1,2368.1666666666665,13731,341016,1.0,681,3559.630769230769,39,31,0.06153846153846154,5.0,17.8,57.0,4.0,0.0
A-de24d5,Company_231,DevTools,US,2024-11-05,other,Enterprise,5,True,False,475,13,0,0,1640.5384615384614,7363,255924,0.0,537,2646.5283018867926,28,29,0.11320754716981132,7.0,43.142857142857146,103.42857142857143,3.0,0.0
A-977ca0,Company_232,HealthTech,IN,2023-02-20,partner,Basic,6,False,True,1099,16,1,0,1878.4375,18109,360660,0.0,893,2857.176470588235,46,38,0.15294117647058825,3.0,64.0,123.0,4.0,0.0
A-ab438f,Company_233,Cybersecurity,US,2024-09-13,ads,Enterprise,13,False,True,528,8,1,0,2044.75,5970,196296,1.0,369,3095.8888888888887,12,25,0.08333333333333333,2.0,33.5,112.5,3.5,0.0
A-e89151,Company_234,FinTech,UK,2023-09-14,organic,Pro,8,True,True,893,9,3,0,2414.8888888888887,8756,260808,0.0,601,3254.9310344827586,29,30,0.22413793103448276,2.0,41.5,48.5,5.0,0.0
A-40906c,Company_235,EdTech,US,2024-03-27,ads,Basic,92,False,False,698,12,0,0,5366.666666666667,18308,772800,0.0,685,3337.190476190476,32,32,0.1111111111111111,5.0,29.2,95.0,3.75,0.0
A-81edc3,Company_236,Cybersecurity,IN,2023-10-30,ads,Basic,5,False,False,847,12,2,0,1460.3333333333333,8756,210288,1.0,765,3311.891891891892,41,33,0.14864864864864866,3.0,52.666666666666664,70.0,4.0,0.0
A-328bd0,Company_237,HealthTech,AU,2023-05-16,partner,Enterprise,18,False,False,1014,13,1,1,1229.1538461538462,3582,191748,0.0,568,2659.1803278688526,49,30,0.08196721311475409,5.0,46.0,68.2,3.6666666666666665,0.0
A-b3fe05,Company_238,Cybersecurity,CA,2024-05-28,partner,Pro,8,False,False,636,9,0,0,2721.5555555555557,9950,293928,0.0,438,3301.4418604651164,18,29,0.18604651162790697,4.0,48.25,94.25,3.0,0.0
A-09540c,Company_239,Cybersecurity,CA,2023-10-30,event,Basic,67,True,False,847,6,1,1,3953.0,13333,284616,1.0,297,3382.0,16,20,0.10714285714285714,2.0,28.0,89.0,4.5,0.0
A-e693b6,Company_240,FinTech,AU,2023-05-25,event,Enterprise,55,False,True,1005,12,1,0,2846.25,10945,409860,1.0,681,3379.7868852459014,25,31,0.06557377049180328,1.0,1.0,144.0,3.0,0.0
A-2446e3,Company_241,EdTech,IN,2024-01-10,organic,Pro,27,False,False,775,7,1,1,3448.285714285714,5373,289656,1.0,496,3146.6041666666665,32,28,0.10416666666666667,3.0,28.666666666666668,104.66666666666667,4.0,0.0
A-241e75,Company_242,EdTech,US,2024-07-03,partner,Enterprise,3,False,False,600,5,0,1,718.8,2254,43128,1.0,266,3580.6071428571427,20,17,0.07142857142857142,4.0,31.5,101.0,4.5,0.0
A-922109,Company_243,Cybersecurity,US,2024-01-26,ads,Pro,3,False,False,759,13,0,0,1086.0,8159,169416,1.0,819,3474.227848101266,34,35,0.05063291139240506,3.0,25.333333333333332,127.0,3.0,0.0
A-ff3c73,Company_244,HealthTech,AU,2023-01-26,other,Pro,21,False,False,1124,9,1,0,481.6666666666667,1254,52020,1.0,408,3599.725,23,29,0.125,2.0,35.5,97.5,3.5,0.0
A-8b0451,Company_245,FinTech,UK,2024-09-16,event,Enterprise,41,False,False,525,10,0,0,3170.9,8159,380508,1.0,606,2965.5,45,32,0.1,7.0,26.571428571428573,83.71428571428571,3.5,0.0
A-331424,Company_246,DevTools,US,2023-11-06,organic,Basic,11,False,False,840,6,0,0,1129.3333333333333,2189,81312,1.0,214,3808.5,9,17,0.15,2.0,24.5,98.5,,0.0
A-51ec1b,Company_247,DevTools,US,2023-11-08,ads,Enterprise,7,False,False,838,6,3,2,1847.8333333333333,3582,133044,1.0,283,3970.0714285714284,12,19,0.10714285714285714,3.0,52.333333333333336,150.0,5.0,0.3333333333333333
A-bcf664,Company_248,DevTools,US,2023-05-19,other,Pro,5,False,False,1011,13,0,0,1056.0,2587,164736,1.0,575,3248.5714285714284,28,31,0.08928571428571429,5.0,36.0,110.6,4.0,0.2
A-90a8c8,Company_249,FinTech,AU,2024-08-24,organic,Pro,15,False,False,548,7,2,0,3787.714285714286,14527,318168,1.0,404,3109.4146341463415,20,23,0.0975609756097561,4.0,45.0,29.5,3.25,0.0
A-86cdb4,Company_250,DevTools,DE,2024-09-22,partner,Basic,2,False,False,519,9,0,0,394.55555555555554,988,42612,0.0,492,3412.7755102040815,24,27,0.12244897959183673,5.0,26.4,105.8,4.333333333333333,0.0
A-4bfa33,Company_251,Cybersecurity,US,2024-12-07,event,Basic,8,True,False,443,7,0,0,800.8571428571429,3528,67272,1.0,329,2173.4444444444443,17,23,0.16666666666666666,4.0,16.5,84.75,3.6666666666666665,0.0
A-dbc825,Company_252,EdTech,FR,2024-01-07,partner,Enterprise,19,False,False,778,16,2,0,2650.25,10945,508848,1.0,730,2955.5694444444443,58,34,0.1111111111111111,6.0,49.5,108.16666666666667,4.0,0.16666666666666666
A-c70870,Company_253,Cybersecurity,US,2024-10-22,partner,Basic,31,False,False,489,7,2,1,5659.142857142857,33830,475368,1.0,334,3127.5882352941176,18,23,0.11764705882352941,5.0,35.6,105.8,4.0,0.0
A-7c4956,Company_254,DevTools,US,2023-05-06,ads,Enterprise,5,False,True,1024,8,0,0,426.125,1194,40908,0.0,475,2882.3777777777777,40,27,0.13333333333333333,3.0,13.666666666666666,66.66666666666667,4.0,0.0
A-0651a4,Company_255,HealthTech,FR,2024-10-16,organic,Pro,16,False,False,495,15,0,0,2970.9333333333334,12935,534768,1.0,705,2919.217391304348,37,34,0.11594202898550725,4.0,29.25,48.5,4.0,0.0
A-3ce5b8,Company_256,FinTech,IN,2023-09-07,ads,Basic,8,False,True,900,9,0,0,1850.0,9261,199800,1.0,509,2956.04,29,29,0.1,10.0,42.5,101.8,3.7142857142857144,0.0
A-bd4708,Company_257,FinTech,US,2024-07-21,ads,Pro,37,True,False,582,13,1,0,2998.076923076923,7363,467700,0.0,653,3154.640625,30,33,0.109375,4.0,24.0,90.75,3.5,0.0
A-993085,Company_258,HealthTech,US,2023-06-01,ads,Basic,31,True,False,998,15,2,2,3230.4,9751,581472,1.0,665,3085.9285714285716,50,33,0.1,4.0,46.5,82.0,3.5,0.0
A-92a3af,Company_259,Cybersecurity,IN,2024-07-07,organic,Enterprise,25,False,False,596,11,0,2,3139.818181818182,6965,414456,0.0,714,3256.5522388059703,55,35,0.11940298507462686,4.0,57.5,39.0,4.0,0.25
A-151c9a,Company_260,FinTech,US,2023-01-27,ads,Enterprise,23,False,False,1123,5,0,1,2850.0,4577,171000,1.0,366,3556.0882352941176,14,28,0.029411764705882353,2.0,31.0,156.5,3.5,0.0
A-474ad4,Company_261,EdTech,US,2023-11-28,organic,Basic,8,False,False,818,15,1,1,808.3333333333334,4776,145500,0.0,605,2864.921875,45,34,0.09375,3.0,33.0,50.666666666666664,5.0,0.3333333333333333
A-4ef964,Company_262,HealthTech,US,2024-03-07,organic,Pro,17,False,False,718,9,0,0,1586.5555555555557,3430,171348,1.0,487,3074.7551020408164,33,31,0.12244897959183673,3.0,42.666666666666664,86.33333333333333,4.0,0.0
A-fd9422,Company_263,Cybersecurity,US,2024-04-04,organic,Pro,58,False,False,690,9,1,1,3125.5555555555557,11542,337560,0.0,456,3257.1136363636365,21,27,0.11363636363636363,6.0,44.333333333333336,116.83333333333333,3.5,0.16666666666666666
A-0baac2,Company_264,FinTech,DE,2024-05-30,organic,Enterprise,14,False,True,634,6,0,0,3083.3333333333335,6169,222000,1.0,202,3483.8571428571427,9,19,0.0,6.0,43.5,89.0,4.333333333333333,0.0
A-bb1486,Company_265,HealthTech,US,2024-11-05,organic,Basic,41,False,False,475,8,0,2,2038.375,3381,195684,1.0,405,2832.0238095238096,36,24,0.11904761904761904,3.0,11.0,78.0,3.0,0.0
A-560d27,Company_266,DevTools,US,2024-05-05,organic,Pro,23,False,False,659,12,1,0,3470.0833333333335,14129,499692,0.0,587,3146.0338983050847,38,27,0.1016949152542373,4.0,30.75,59.75,3.6666666666666665,0.0
A-0b0d6d,Company_267,DevTools,US,2024-12-30,organic,Pro,3,False,False,420,13,1,0,2576.230769230769,10348,401892,1.0,582,2619.532258064516,48,32,0.14516129032258066,5.0,31.4,90.4,4.0,0.2
A-2789e3,Company_268,FinTech,US,2024-09-14,partner,Enterprise,11,False,False,527,12,1,1,2040.75,12139,293868,0.0,680,3167.3384615384616,45,33,0.09230769230769231,4.0,47.25,83.25,4.0,0.0
A-b07346,Company_269,HealthTech,US,2024-10-10,partner,Pro,51,False,True,501,5,1,0,6283.2,10149,376992,1.0,326,3240.6969696969695,22,23,0.12121212121212122,3.0,42.333333333333336,76.66666666666667,3.5,0.0
A-902ef7,Company_270,HealthTech,US,2024-09-03,other,Enterprise,83,False,True,538,8,2,0,5540.25,16517,531864,1.0,414,3646.95,24,31,0.125,2.0,48.5,85.0,4.0,0.0
A-20736a,Company_271,EdTech,IN,2024-03-16,organic,Enterprise,50,False,False,709,7,1,1,5789.285714285715,12736,486300,1.0,430,2581.1428571428573,22,22,0.11904761904761904,4.0,42.25,78.25,3.75,0.0
A-e4bf56,Company_272,HealthTech,IN,2024-10-28,ads,Pro,17,False,True,483,7,0,1,2703.714285714286,7363,227112,0.0,339,3499.6363636363635,10,25,0.030303030303030304,8.0,29.125,111.5,3.6666666666666665,0.0
A-cea1f0,Company_273,FinTech,US,2024-04-07,event,Pro,8,False,True,687,10,1,1,1224.4,4378,146928,0.0,586,2878.3571428571427,28,28,0.16071428571428573,5.0,42.2,107.4,4.333333333333333,0.0
A-ef84cf,Company_274,EdTech,US,2024-03-01,partner,Enterprise,8,False,False,724,5,0,1,1501.4,6766,90084,1.0,309,3586.4285714285716,11,21,0.10714285714285714,5.0,34.8,79.4,4.333333333333333,0.2
A-d49cc5,Company_275,Cybersecurity,FR,2023-09-19,event,Basic,50,False,False,888,8,0,0,1665.625,3675,159900,1.0,436,3486.170731707317,34,27,0.12195121951219512,4.0,32.0,55.25,4.5,0.0
A-67be94,Company_276,EdTech,US,2023-04-04,organic,Enterprise,26,False,False,1056,7,1,0,3132.8571428571427,10348,263160,1.0,416,3028.5,17,26,0.07142857142857142,5.0,38.6,51.0,4.0,0.0
A-4e960a,Company_277,FinTech,US,2024-01-17,other,Enterprise,12,True,True,768,12,0,1,1995.1666666666667,14129,287304,0.0,512,3141.6938775510203,21,29,0.10204081632653061,6.0,29.166666666666668,83.16666666666667,4.0,0.0
A-c37cab,Company_278,Cybersecurity,UK,2024-07-29,event,Pro,13,False,False,574,12,1,1,2452.75,19502,353196,1.0,708,2904.4142857142856,40,32,0.2,4.0,33.0,101.25,3.75,0.25
A-533452,Company_279,DevTools,AU,2024-11-12,organic,Pro,9,False,False,468,11,1,2,1878.5454545454545,5174,247968,1.0,595,2741.6825396825398,44,32,0.15873015873015872,4.0,32.75,35.5,4.0,0.0
A-443b7c,Company_280,Cybersecurity,US,2024-09-06,other,Enterprise,1,False,True,535,16,4,0,1503.875,13930,288744,0.0,618,3095.8571428571427,29,28,0.12698412698412698,8.0,29.25,49.0,4.4,0.0
A-1f7acb,Company_281,FinTech,UK,2023-08-06,ads,Basic,64,True,False,932,8,1,3,5864.0,12736,562944,0.0,510,3095.622641509434,47,26,0.1320754716981132,7.0,41.714285714285715,129.57142857142858,4.4,0.0
A-f51f16,Company_282,HealthTech,US,2023-12-25,partner,Enterprise,1,False,False,791,8,2,0,1663.75,7761,159720,1.0,384,3948.4594594594596,28,25,0.08108108108108109,4.0,29.25,91.0,3.0,0.0
A-5a3eb9,Company_283,DevTools,CA,2023-08-20,other,Enterprise,18,True,False,918,13,0,2,1561.0,3582,243516,1.0,722,3143.1884057971015,34,34,0.10144927536231885,3.0,24.0,83.0,,0.0
A-5f2961,Company_284,HealthTech,US,2024-11-22,partner,Basic,4,False,False,458,7,0,0,1471.2857142857142,3184,123588,1.0,348,2861.75,19,22,0.05555555555555555,1.0,53.0,19.0,,0.0
A-417d2f,Company_285,Cybersecurity,IN,2023-07-04,partner,Pro,4,True,False,965,16,1,0,1433.3125,10149,275196,1.0,722,2907.056338028169,31,37,0.11267605633802817,6.0,43.5,80.5,4.333333333333333,0.0
A-e98302,Company_286,EdTech,US,2023-12-26,ads,Enterprise,16,True,False,790,6,0,0,2094.5,6766,150804,0.0,273,2958.366666666667,18,21,0.1,9.0,44.44444444444444,99.44444444444444,4.142857142857143,0.0
A-8bde0c,Company_287,DevTools,US,2024-11-04,organic,Basic,12,False,False,476,18,2,0,1899.888888888889,5572,410376,1.0,773,3011.35,43,34,0.075,3.0,25.666666666666668,86.33333333333333,4.0,0.0
A-bcf87c,Company_288,FinTech,US,2024-06-27,event,Pro,10,False,True,606,11,0,1,1979.090909090909,6169,261240,0.0,503,2733.1481481481483,19,26,0.12962962962962962,2.0,63.0,49.5,4.0,0.0
A-54ecc2,Company_289,Cybersecurity,US,2023-06-11,partner,Enterprise,4,False,False,988,11,0,1,1469.8181818181818,5970,194016,1.0,607,3276.75,39,28,0.10714285714285714,5.0,37.4,72.0,5.0,0.0
A-625d0b,Company_290,EdTech,AU,2024-09-02,ads,Basic,9,False,False,539,11,0,0,1081.1818181818182,2058,142716,0.0,529,2620.1666666666665,38,32,0.1111111111111111,5.0,48.4,72.4,3.0,0.0
A-fce879,Company_291,EdTech,UK,2024-09-24,partner,Pro,10,True,True,517,5,0,1,1359.4,3781,81564,1.0,299,3657.037037037037,14,25,0.037037037037037035,2.0,28.0,61.5,4.0,0.0
A-b07b56,Company_292,DevTools,US,2024-11-08,event,Pro,25,False,True,472,15,0,0,1132.2666666666667,4975,203808,1.0,633,2897.84375,39,32,0.140625,4.0,31.25,93.75,3.0,0.0
A-6da850,Company_293,FinTech,IN,2023-10-07,organic,Pro,5,False,False,870,16,3,1,1159.9375,7363,222708,1.0,714,2662.4285714285716,54,30,0.11428571428571428,5.0,49.0,76.4,4.0,0.0
A-342303,Company_294,EdTech,US,2024-03-16,other,Pro,1,True,False,709,3,0,0,565.0,1372,20340,1.0,141,1543.2666666666667,5,12,0.06666666666666667,3.0,29.333333333333332,71.33333333333333,4.5,0.0
A-e7a1e2,Company_295,Cybersecurity,US,2024-06-23,event,Enterprise,3,False,False,610,12,0,0,1670.1666666666667,8756,240504,1.0,703,3248.9411764705883,36,36,0.04411764705882353,1.0,45.0,37.0,4.0,0.0
A-f1f639,Company_296,EdTech,US,2023-02-26,ads,Basic,2,False,False,1093,4,1,0,729.75,1791,35028,1.0,139,3078.3571428571427,10,12,0.2857142857142857,7.0,20.0,67.57142857142857,4.8,0.0
A-a865bd,Company_297,Cybersecurity,US,2023-09-19,organic,Pro,38,False,False,888,5,0,0,4204.4,7562,252264,1.0,230,2505.0,13,19,0.125,2.0,31.5,21.5,3.0,0.0
A-4e631b,Company_298,FinTech,US,2024-03-16,other,Enterprise,22,False,False,709,11,1,1,2218.0,7960,292776,0.0,502,3156.4897959183672,29,32,0.08163265306122448,2.0,24.5,52.0,4.0,0.0
A-7f6b86,Company_299,HealthTech,US,2023-08-24,partner,Basic,45,True,True,914,9,3,0,2155.777777777778,11741,232824,1.0,420,3518.268292682927,14,27,0.07317073170731707,7.0,40.42857142857143,96.57142857142857,3.6666666666666665,0.0
A-8adedc,Company_300,EdTech,US,2024-02-11,event,Basic,4,True,True,743,14,0,0,2023.4285714285713,11343,339936,0.0,583,2721.2622950819673,33,32,0.08196721311475409,4.0,49.25,56.75,4.0,0.0
A-2edab2,Company_301,HealthTech,US,2023-11-17,event,Enterprise,17,False,False,829,10,1,0,1139.0,3383,136680,1.0,487,3421.3617021276596,26,28,0.10638297872340426,4.0,30.0,102.25,3.0,0.0
A-149a69,Company_302,DevTools,US,2024-10-17,event,Basic,34,False,False,494,3,0,0,2686.0,6766,96696,1.0,208,3327.4444444444443,9,18,0.05555555555555555,8.0,33.875,120.875,4.2,0.0
A-a6d261,Company_303,FinTech,CA,2023-11-29,other,Pro,9,False,False,817,14,3,0,2727.9285714285716,20497,458292,1.0,627,3003.7301587301586,29,36,0.09523809523809523,4.0,40.0,63.25,4.666666666666667,0.25
A-443f6f,Company_304,Cybersecurity,US,2024-12-07,organic,Basic,19,False,False,443,9,1,0,1510.4444444444443,3781,163128,0.0,527,2824.089285714286,28,31,0.07142857142857142,4.0,28.0,122.25,4.666666666666667,0.0
A-202b67,Company_305,HealthTech,US,2024-03-22,organic,Pro,11,False,False,703,9,1,0,2018.6666666666667,5771,218016,1.0,447,2402.478260869565,40,29,0.10869565217391304,4.0,36.75,90.5,4.666666666666667,0.0
A-00bed1,Company_306,Cybersecurity,US,2023-11-14,ads,Basic,28,True,False,832,10,3,0,3350.6,9751,402072,1.0,514,2818.3137254901962,27,32,0.0392156862745098,4.0,31.75,106.25,4.0,0.0
A-ffc04f,Company_307,EdTech,US,2024-06-06,ads,Pro,13,False,False,627,15,0,1,1335.9333333333334,3781,240468,1.0,857,3224.9651162790697,64,37,0.08139534883720931,7.0,17.714285714285715,58.57142857142857,4.5,0.14285714285714285
A-65c341,Company_308,FinTech,US,2023-12-26,ads,Pro,11,True,False,790,8,0,0,3818.25,16716,366552,1.0,410,3870.2105263157896,18,25,0.10526315789473684,5.0,41.4,87.8,4.0,0.0
A-dcc2f0,Company_309,FinTech,UK,2023-07-22,organic,Basic,15,False,False,947,15,2,0,1166.2,3184,209916,1.0,833,3206.565789473684,26,35,0.10526315789473684,2.0,27.0,100.0,,0.0
A-ced9aa,Company_310,DevTools,US,2024-10-05,other,Enterprise,3,False,False,506,11,0,0,568.3636363636364,1194,75024,0.0,531,3035.818181818182,39,33,0.09090909090909091,7.0,28.857142857142858,102.85714285714286,3.0,0.0
A-3d957b,Company_311,HealthTech,UK,2024-04-04,other,Pro,14,False,False,690,6,3,0,1975.3333333333333,2786,142224,1.0,143,2913.266666666667,13,13,0.2,3.0,41.333333333333336,79.33333333333333,3.0,0.0
A-89ee83,Company_312,Cybersecurity,US,2024-10-04,organic,Pro,1,False,True,507,11,3,0,2264.2727272727275,7960,298884,0.0,565,2925.864406779661,26,28,0.1016949152542373,5.0,21.8,66.2,4.0,0.2
A-883b7d,Company_313,Cybersecurity,IN,2024-03-28,other,Basic,17,False,False,697,12,0,0,2543.6666666666665,9950,366288,0.0,644,2871.4242424242425,40,35,0.10606060606060606,7.0,25.571428571428573,62.285714285714285,3.6,0.14285714285714285
A-dcc3f1,Company_314,HealthTech,US,2023-12-27,event,Pro,21,False,False,789,8,0,1,1593.375,4378,152964,1.0,500,2874.125,32,31,0.125,9.0,35.666666666666664,83.44444444444444,3.8,0.0
A-c62e55,Company_315,EdTech,US,2023-02-08,partner,Basic,1,True,False,1111,9,1,0,1322.4444444444443,2985,142824,0.0,337,2720.15625,13,24,0.1875,4.0,27.5,101.25,4.0,0.0
A-e4144b,Company_316,EdTech,UK,2024-10-22,other,Pro,41,False,False,489,10,1,0,3542.4,8159,425088,0.0,439,3102.2558139534885,21,26,0.11627906976744186,3.0,57.0,172.33333333333334,4.0,0.0
A-e40f45,Company_317,HealthTech,US,2024-04-18,organic,Pro,21,False,False,676,7,3,0,1689.2857142857142,4179,141900,1.0,401,2732.311111111111,26,29,0.1111111111111111,7.0,26.714285714285715,96.28571428571429,4.333333333333333,0.0
A-96215d,Company_318,FinTech,US,2024-08-08,event,Enterprise,10,False,False,564,6,1,0,1718.6666666666667,3184,123744,0.0,347,3263.8125,21,20,0.15625,1.0,25.0,115.0,3.0,0.0
A-2b9d3e,Company_319,EdTech,US,2023-06-04,partner,Enterprise,1,False,False,995,9,1,0,571.3333333333334,1421,61704,0.0,444,3168.6444444444446,19,26,0.1111111111111111,3.0,34.666666666666664,79.33333333333333,5.0,0.0
A-b7724f,Company_320,HealthTech,UK,2023-03-28,organic,Basic,1,False,False,1063,8,0,0,402.75,1349,38664,1.0,380,2453.9736842105262,16,28,0.05263157894736842,3.0,28.666666666666668,92.0,3.0,0.0
A-310452,Company_321,DevTools,FR,2024-12-25,other,Enterprise,9,False,False,425,5,0,0,2200.6,9950,132036,1.0,268,2623.24,16,20,0.16,5.0,34.2,113.6,3.6,0.0
A-eb1312,Company_322,FinTech,US,2024-09-16,partner,Pro,25,False,False,525,12,1,0,1512.25,4975,217764,1.0,663,2893.0307692307692,38,31,0.06153846153846154,1.0,68.0,117.0,5.0,0.0
A-df1e44,Company_323,Cybersecurity,UK,2024-02-23,organic,Enterprise,12,False,False,731,11,1,1,1191.5454545454545,3087,157284,1.0,420,2915.0476190476193,14,25,0.11904761904761904,2.0,53.0,109.5,5.0,0.0
A-6a7c9d,Company_324,Cybersecurity,US,2024-10-24,organic,Enterprise,26,False,True,487,5,0,0,2605.6,5174,156336,1.0,189,3421.3684210526317,6,15,0.05263157894736842,3.0,34.333333333333336,60.0,4.0,0.0
A-cbd1a3,Company_325,DevTools,US,2024-11-25,other,Basic,6,False,True,455,10,2,0,1635.1,5572,196212,0.0,465,2862.4222222222224,32,29,0.06666666666666667,4.0,34.5,81.75,4.0,0.0
A-a8d89d,Company_326,EdTech,US,2023-12-08,ads,Pro,13,False,False,808,12,2,0,2443.3333333333335,15522,351840,1.0,551,3166.037037037037,26,32,0.09259259259259259,2.0,44.5,139.0,5.0,0.0
A-600734,Company_327,DevTools,US,2023-11-14,organic,Pro,29,True,True,832,13,2,0,1394.7692307692307,5771,217584,0.0,660,2754.7246376811595,30,33,0.15942028985507245,7.0,52.57142857142857,89.42857142857143,3.6666666666666665,0.14285714285714285
A-86fc1d,Company_328,DevTools,UK,2024-07-26,partner,Basic,26,False,False,577,9,3,0,1686.7777777777778,5572,182172,1.0,363,3002.9189189189187,26,26,0.08108108108108109,5.0,27.0,59.2,4.0,0.0
A-78f02b,Company_329,HealthTech,US,2024-11-17,event,Enterprise,11,False,False,463,4,1,0,3770.25,8771,180972,1.0,211,3117.45,16,17,0.15,4.0,45.75,55.0,4.0,0.0
A-acb7f7,Company_330,EdTech,US,2024-01-06,ads,Basic,32,False,False,779,12,2,1,2714.5,6368,390888,1.0,612,2848.8387096774195,36,33,0.16129032258064516,3.0,41.0,91.0,3.5,0.0
A-712f1c,Company_331,DevTools,US,2023-12-16,ads,Basic,17,False,True,800,12,2,0,3583.25,14925,515988,1.0,631,2666.205882352941,34,32,0.07352941176470588,6.0,41.666666666666664,88.83333333333333,4.0,0.0
A-3793ee,Company_332,Cybersecurity,CA,2023-03-21,organic,Enterprise,49,True,False,1070,7,1,1,3815.0,9751,320460,1.0,352,2562.657894736842,11,25,0.02631578947368421,4.0,43.75,100.25,4.0,0.0
A-9a532a,Company_333,HealthTech,US,2024-07-06,partner,Enterprise,11,False,False,597,4,0,0,2736.25,6567,131340,0.0,185,4199.722222222223,15,16,0.2222222222222222,2.0,57.5,128.5,,0.0
A-2ebb4b,Company_334,HealthTech,US,2023-05-15,ads,Basic,41,False,False,1015,10,1,0,3068.8,12935,368256,1.0,488,2870.04,33,27,0.14,2.0,43.5,136.5,3.0,0.0
A-6843f2,Company_335,HealthTech,CA,2024-12-10,ads,Enterprise,21,False,False,440,9,0,1,1835.5555555555557,4179,198240,0.0,481,2748.3478260869565,17,24,0.06521739130434782,2.0,36.5,78.0,3.0,0.0
A-c9bb3e,Company_336,EdTech,US,2024-03-24,ads,Pro,5,False,False,701,10,1,0,1521.7,6027,182604,1.0,474,3720.717391304348,20,27,0.043478260869565216,7.0,27.714285714285715,86.14285714285714,4.2,0.14285714285714285
A-4814a3,Company_337,Cybersecurity,IN,2024-09-17,event,Basic,87,False,True,524,11,2,1,7996.090909090909,17313,1055484,1.0,587,2812.7833333333333,45,35,0.11666666666666667,4.0,18.75,97.0,4.0,0.25
A-b7b7b7,Company_338,FinTech,US,2024-06-30,event,Basic,24,False,True,603,12,1,0,2379.8333333333335,7761,342696,0.0,571,3025.2727272727275,26,31,0.10909090909090909,3.0,17.0,99.0,5.0,0.0
A-ccc747,Company_339,HealthTech,FR,2024-01-12,event,Pro,16,False,True,773,6,2,0,802.0,1813,57744,1.0,284,2986.0666666666666,13,23,0.1,4.0,32.25,83.25,5.0,0.25
A-bb3bd4,Company_340,HealthTech,US,2024-01-27,ads,Basic,23,False,False,758,7,2,0,1064.5714285714287,4577,89424,1.0,315,3120.3,11,18,0.03333333333333333,11.0,32.72727272727273,106.36363636363636,4.142857142857143,0.0
A-09316c,Company_341,FinTech,AU,2024-09-11,organic,Enterprise,70,False,False,530,11,2,0,6363.636363636364,13930,840000,1.0,566,2767.796296296296,31,28,0.09259259259259259,4.0,54.75,106.25,3.75,0.25
A-96bbc6,Company_342,Cybersecurity,US,2024-05-07,organic,Enterprise,39,False,False,657,8,3,1,3803.25,11144,365112,1.0,482,3118.4897959183672,25,30,0.10204081632653061,3.0,51.333333333333336,67.0,3.3333333333333335,0.0
A-bc4d48,Company_343,EdTech,US,2024-06-12,ads,Pro,35,True,False,621,7,1,0,1770.0,6965,148680,0.0,321,2793.46875,9,24,0.03125,6.0,41.166666666666664,65.83333333333333,4.2,0.16666666666666666
A-b30291,Company_344,HealthTech,US,2024-04-05,event,Basic,5,True,True,689,10,0,0,537.5,3184,64500,1.0,519,3356.1875,31,26,0.16666666666666666,1.0,16.0,1.0,,0.0
A-cdf020,Company_345,DevTools,AU,2023-08-16,organic,Pro,23,False,False,922,8,2,0,2259.0,4577,216864,1.0,379,2988.05,18,25,0.1,4.0,29.5,39.25,4.0,0.0
A-e6afc1,Company_346,DevTools,US,2023-02-24,ads,Pro,1,False,False,1095,11,0,0,2052.909090909091,10149,270984,0.0,679,2764.605633802817,30,32,0.08450704225352113,,,,,
A-e3bd71,Company_347,Cybersecurity,US,2023-03-25,partner,Basic,31,False,False,1066,11,1,1,3784.5454545454545,6169,499560,1.0,638,3065.967213114754,27,32,0.04918032786885246,4.0,30.25,119.0,4.0,0.0
A-b179bf,Company_348,Cybersecurity,IN,2024-10-27,ads,Basic,43,False,False,484,5,0,0,3586.2,8557,215172,1.0,398,2842.4358974358975,18,23,0.1282051282051282,6.0,24.666666666666668,94.33333333333333,4.0,0.0
A-098560,Company_349,DevTools,UK,2023-10-21,ads,Enterprise,1,False,True,856,11,1,0,1120.5454545454545,5771,147912,1.0,567,3169.1272727272726,32,32,0.14545454545454545,2.0,28.0,100.0,3.0,0.5
A-82861f,Company_350,DevTools,UK,2024-04-25,organic,Basic,41,False,False,669,10,0,0,4363.3,10547,523596,1.0,462,2617.46,43,28,0.08,5.0,24.4,55.0,3.2,0.0
A-94c3cd,Company_351,FinTech,CA,2023-09-20,other,Enterprise,32,False,False,887,6,0,0,1506.0,6368,108432,0.0,306,3361.1935483870966,18,18,0.12903225806451613,4.0,44.75,116.5,3.5,0.25
A-a33200,Company_352,HealthTech,US,2024-09-15,partner,Basic,29,False,False,526,12,1,0,2409.4166666666665,5771,346956,1.0,517,2745.4,26,33,0.09090909090909091,3.0,36.333333333333336,88.33333333333333,4.5,0.0
A-034368,Company_353,EdTech,US,2023-11-05,event,Enterprise,19,False,False,841,5,0,0,2238.8,5572,134328,1.0,265,2872.25,25,20,0.14285714285714285,5.0,41.2,91.8,4.0,0.0
A-b54c01,Company_354,DevTools,US,2024-09-29,event,Enterprise,29,False,False,512,4,0,0,848.25,1421,40716,1.0,226,2824.913043478261,17,15,0.13043478260869565,5.0,42.6,77.2,3.0,0.0
A-d82ef9,Company_355,EdTech,UK,2024-07-02,other,Basic,26,False,True,601,14,1,2,1023.3571428571429,5174,171924,1.0,679,2853.264705882353,46,32,0.07352941176470588,5.0,39.8,91.6,4.25,0.2
A-bb2f49,Company_356,Cybersecurity,US,2023-05-28,other,Pro,8,False,False,1002,11,2,1,2180.909090909091,9751,287880,0.0,618,3167.8333333333335,42,31,0.03333333333333333,3.0,22.333333333333332,102.33333333333333,4.0,0.0
A-1f559b,Company_357,HealthTech,US,2023-09-04,organic,Enterprise,5,True,True,903,10,0,1,1175.6,5174,141072,1.0,400,2931.675,27,29,0.1,5.0,50.4,116.2,4.2,0.0
A-5a215a,Company_358,EdTech,FR,2024-01-05,other,Enterprise,87,False,False,780,18,2,0,7230.666666666667,17313,1561824,0.0,807,3395.65,71,32,0.1,4.0,29.5,38.0,4.0,0.0
A-3f9cc0,Company_359,HealthTech,US,2024-06-03,event,Basic,22,False,False,630,7,1,2,2848.5714285714284,5970,239280,1.0,407,2960.0238095238096,24,25,0.0,5.0,34.8,112.6,4.5,0.2
A-f9cc74,Company_360,DevTools,FR,2024-10-12,partner,Enterprise,30,True,False,499,10,1,0,1555.7,5970,186684,0.0,484,2616.52,22,30,0.14,6.0,49.833333333333336,118.33333333333333,4.0,0.0
A-ed510f,Company_361,Cybersecurity,IN,2023-01-17,partner,Basic,42,False,False,1133,10,2,0,3616.2,8358,433944,1.0,493,3280.4897959183672,28,27,0.10204081632653061,9.0,44.55555555555556,82.55555555555556,4.0,0.0
A-5c9849,Company_362,EdTech,IN,2024-11-03,partner,Basic,19,False,False,477,9,2,0,4083.8888888888887,18109,441060,1.0,473,3293.108695652174,23,30,0.043478260869565216,4.0,59.5,41.0,,0.25
A-a7bd4b,Company_363,Cybersecurity,US,2023-02-15,ads,Enterprise,5,False,False,1104,11,2,0,569.8181818181819,2499,75216,1.0,576,3032.2181818181816,37,29,0.09090909090909091,6.0,36.833333333333336,86.16666666666667,3.25,0.0
A-d4ac0e,Company_364,DevTools,UK,2024-04-20,ads,Basic,18,False,False,674,19,3,0,1450.3684210526317,5572,330684,0.0,793,3070.2375,53,38,0.1125,4.0,21.0,34.0,3.5,0.0
A-ffdfd5,Company_365,EdTech,US,2024-04-13,organic,Basic,3,False,True,681,10,1,0,1432.2,5970,171864,1.0,529,2684.7884615384614,28,29,0.07692307692307693,,,,,
A-0dbdc6,Company_366,Cybersecurity,DE,2023-02-12,other,Pro,30,False,True,1107,9,0,0,3141.4444444444443,9950,339276,1.0,512,2982.826923076923,31,32,0.11538461538461539,4.0,47.0,95.25,5.0,0.0
A-7cfe77,Company_367,DevTools,US,2024-07-10,ads,Pro,69,False,False,593,5,1,1,2553.0,3381,153180,1.0,205,3030.6315789473683,11,16,0.05263157894736842,7.0,30.714285714285715,105.57142857142857,3.5,0.0
A-1f0636,Company_368,EdTech,AU,2024-01-01,partner,Pro,105,False,False,784,11,3,0,8610.0,20895,1136520,0.0,685,3119.4117647058824,30,32,0.058823529411764705,2.0,38.5,75.0,3.5,0.0
A-40de06,Company_369,Cybersecurity,US,2023-05-08,event,Enterprise,28,False,True,1022,16,2,1,1803.875,5572,346344,0.0,902,2938.4615384615386,43,37,0.15384615384615385,3.0,40.333333333333336,67.66666666666667,4.0,0.0
A-cb5333,Company_370,DevTools,US,2024-03-26,ads,Pro,33,False,False,699,16,0,1,1641.0,6567,315072,1.0,796,3216.670731707317,34,36,0.0975609756097561,4.0,30.75,85.75,3.0,0.0
A-309e54,Company_371,DevTools,US,2024-12-09,other,Pro,15,False,False,441,11,0,1,2595.3636363636365,11741,342588,1.0,509,3234.596153846154,24,28,0.057692307692307696,5.0,23.8,90.2,3.0,0.0
A-6e7827,Company_372,DevTools,US,2023-03-26,other,Basic,1,False,False,1065,9,3,0,927.1111111111111,2450,100128,1.0,419,3007.487804878049,31,24,0.07317073170731707,2.0,51.0,83.5,3.5,0.0
A-50bb9f,Company_373,Cybersecurity,US,2024-07-12,organic,Pro,2,False,False,591,8,2,0,2157.875,6965,207156,1.0,276,4138.666666666667,15,18,0.20833333333333334,7.0,33.285714285714285,74.71428571428571,4.0,0.0
A-5fe118,Company_374,Cybersecurity,US,2024-11-07,other,Enterprise,39,False,False,473,5,0,0,4458.0,7761,267480,1.0,233,2852.4761904761904,12,14,0.23809523809523808,1.0,19.0,26.0,4.0,0.0
A-5247b3,Company_375,FinTech,UK,2024-03-12,partner,Pro,16,True,False,713,11,3,0,1071.909090909091,3184,141492,1.0,610,2953.5333333333333,29,32,0.15,5.0,45.8,96.6,4.0,0.0
A-f44180,Company_376,Cybersecurity,UK,2023-02-13,event,Pro,9,False,False,1106,11,0,0,2617.090909090909,17711,345456,1.0,520,3156.173076923077,22,27,0.19230769230769232,2.0,46.5,123.0,5.0,0.0
A-c16cf7,Company_377,EdTech,US,2024-10-16,event,Pro,13,True,False,495,10,0,0,1227.4,4776,147288,1.0,577,2497.344827586207,26,33,0.13793103448275862,3.0,48.333333333333336,111.66666666666667,3.5,0.0
A-d42431,Company_378,FinTech,FR,2024-06-09,ads,Enterprise,22,True,False,624,9,1,1,2351.1111111111113,4378,253920,1.0,457,2848.1702127659573,34,26,0.1276595744680851,4.0,24.25,119.5,4.0,0.0
A-6965e1,Company_379,DevTools,US,2024-11-25,organic,Basic,13,False,False,455,12,1,1,2313.75,7562,333180,1.0,627,3189.0508474576272,29,27,0.06779661016949153,3.0,39.0,128.33333333333334,3.0,0.0
A-0354fe,Company_380,Cybersecurity,US,2024-10-22,other,Basic,34,False,False,489,7,1,0,2210.0,6766,185640,1.0,463,3387.4444444444443,30,28,0.06666666666666667,4.0,20.0,69.25,4.0,0.0
A-0a62f5,Company_381,FinTech,UK,2024-09-11,partner,Pro,16,False,False,530,4,0,0,1215.25,3184,58332,1.0,244,2995.6,7,20,0.08,2.0,33.5,105.0,,0.0
A-f5641b,Company_382,EdTech,US,2024-03-30,other,Pro,31,False,False,695,10,1,1,3912.0,8955,469440,1.0,438,3632.025641025641,18,27,0.10256410256410256,4.0,47.5,98.0,3.0,0.25
A-b44e3e,Company_383,Cybersecurity,UK,2024-02-12,ads,Basic,40,False,False,742,7,3,0,6217.285714285715,15721,522252,1.0,387,3024.0263157894738,13,20,0.10526315789473684,3.0,40.0,75.33333333333333,4.333333333333333,0.0
A-3b37d9,Company_384,FinTech,US,2023-01-27,event,Enterprise,23,False,False,1123,7,2,0,2776.4285714285716,4577,233220,1.0,451,2979.5116279069766,21,26,0.046511627906976744,5.0,36.0,89.8,4.5,0.0
A-54d94a,Company_385,Cybersecurity,IN,2023-05-01,event,Basic,27,False,False,1029,11,1,1,1141.5454545454545,2548,150684,0.0,582,2951.898305084746,28,30,0.11864406779661017,4.0,53.75,82.75,3.5,0.0
A-7f29a7,Company_386,Cybersecurity,UK,2024-09-18,event,Basic,41,True,False,523,11,0,0,1714.5454545454545,8159,226320,1.0,619,2858.2096774193546,38,32,0.14516129032258066,1.0,24.0,5.0,4.0,0.0
A-089363,Company_387,FinTech,AU,2023-05-06,event,Basic,2,False,False,1024,14,2,0,1507.4285714285713,8557,253248,1.0,628,3221.1639344262294,33,30,0.14754098360655737,3.0,35.0,91.33333333333333,3.6666666666666665,0.0
A-524364,Company_388,DevTools,FR,2024-12-31,partner,Enterprise,3,False,False,419,6,0,0,1592.0,8557,114624,0.0,237,2791.1153846153848,24,18,0.07692307692307693,3.0,47.666666666666664,75.33333333333333,4.333333333333333,0.0
A-855a48,Company_389,EdTech,US,2023-12-22,partner,Pro,14,True,False,794,8,0,1,3797.0,11940,364512,1.0,448,3316.090909090909,16,26,0.1590909090909091,5.0,39.6,122.0,3.6666666666666665,0.0
A-756192,Company_390,FinTech,IN,2023-06-11,other,Basic,19,False,False,988,10,1,0,2140.0,7761,256800,0.0,617,2868.515625,43,32,0.046875,3.0,37.333333333333336,102.33333333333333,4.0,0.0
A-49b828,Company_391,FinTech,IN,2023-05-05,ads,Pro,6,False,False,1025,14,2,0,2222.0,9751,373296,0.0,687,2879.7384615384617,45,29,0.15384615384615385,3.0,13.666666666666666,87.66666666666667,3.5,0.3333333333333333
A-c7ffc2,Company_392,Cybersecurity,US,2023-01-27,partner,Pro,30,True,False,1123,12,3,0,3009.3333333333335,6468,433344,1.0,640,3241.2419354838707,28,30,0.0967741935483871,2.0,64.0,86.0,3.0,0.0
A-751c58,Company_393,FinTech,UK,2024-07-18,organic,Basic,15,False,False,585,11,4,0,1781.5454545454545,5174,235164,1.0,574,3385.0,12,31,0.05660377358490566,5.0,39.6,130.0,4.333333333333333,0.0
A-72799b,Company_394,DevTools,FR,2023-11-13,event,Enterprise,20,False,True,833,10,2,1,1731.5,3980,207780,1.0,550,2767.8214285714284,34,31,0.17857142857142858,2.0,33.5,80.0,4.5,0.5
A-812c5b,Company_395,DevTools,CA,2024-02-25,organic,Basic,55,False,True,729,13,0,0,2298.769230769231,10945,358608,1.0,866,3063.5795454545455,46,33,0.125,4.0,27.0,88.25,4.0,0.0
A-69b156,Company_396,EdTech,US,2023-11-21,other,Pro,7,False,True,825,9,0,2,1588.111111111111,5572,171516,0.0,360,2846.75,20,24,0.05555555555555555,7.0,32.0,100.57142857142857,4.0,0.0
A-075038,Company_397,HealthTech,UK,2023-05-12,ads,Basic,17,False,False,1018,14,1,0,1350.642857142857,5047,226908,1.0,743,2838.9714285714285,31,32,0.12857142857142856,2.0,43.5,54.0,3.0,0.0
A-940b8b,Company_398,HealthTech,DE,2024-03-19,organic,Basic,1,False,False,706,8,1,1,1205.0,6368,115680,0.0,362,3462.4,32,23,0.08571428571428572,3.0,41.333333333333336,89.33333333333333,4.0,0.0
A-2d1036,Company_399,FinTech,US,2024-06-14,ads,Pro,69,False,True,619,13,0,1,4973.307692307692,13731,775836,1.0,692,2628.0434782608695,40,31,0.14492753623188406,5.0,37.8,49.0,4.6,0.2
A-0f6450,Company_400,FinTech,US,2024-12-27,other,Pro,28,True,True,423,11,0,0,2163.6363636363635,5572,285600,1.0,539,3234.6296296296296,39,31,0.14814814814814814,8.0,29.75,81.625,3.8333333333333335,0.125
A-9affe6,Company_401,Cybersecurity,US,2023-03-22,other,Pro,7,False,False,1069,11,2,0,966.9090909090909,1421,127632,1.0,473,3081.978723404255,16,26,0.06382978723404255,3.0,58.0,76.0,3.0,0.0
A-80eeb6,Company_402,Cybersecurity,UK,2023-05-09,organic,Enterprise,22,False,False,1021,16,4,1,4280.5625,17711,821868,1.0,725,2919.7894736842104,43,38,0.11842105263157894,4.0,40.25,68.25,3.6666666666666665,0.25
A-d4e0d4,Company_403,FinTech,US,2024-10-18,other,Basic,117,False,False,493,10,1,1,13806.0,23283,1656720,0.0,488,2954.5102040816328,33,30,0.12244897959183673,4.0,39.25,76.25,4.0,0.0
A-c7e58b,Company_404,HealthTech,IN,2023-06-25,other,Pro,3,False,False,974,7,0,0,769.1428571428571,1990,64608,0.0,343,3113.323529411765,18,22,0.029411764705882353,5.0,30.6,98.4,3.5,0.0
A-016043,Company_405,EdTech,CA,2024-07-31,organic,Basic,4,True,False,572,11,3,0,1501.4545454545455,4776,198192,1.0,490,2810.1063829787236,21,26,0.06382978723404255,3.0,30.333333333333332,78.0,4.0,0.0
A-bbe56f,Company_406,HealthTech,US,2023-02-16,ads,Enterprise,21,False,False,1103,5,1,0,1205.0,4179,72300,0.0,232,2754.7272727272725,8,13,0.18181818181818182,4.0,26.25,120.5,4.0,0.0
A-7c5768,Company_407,HealthTech,UK,2024-03-02,event,Enterprise,3,False,False,723,9,0,0,376.55555555555554,1178,40668,0.0,461,3092.9565217391305,31,27,0.08695652173913043,5.0,28.8,96.4,4.0,0.0
A-751bd4,Company_408,Cybersecurity,UK,2024-07-12,partner,Pro,10,False,False,591,2,0,0,95.0,190,2280,1.0,92,3262.9,0,9,0.0,6.0,23.166666666666668,112.0,4.25,0.16666666666666666
A-4e0e85,Company_409,DevTools,US,2023-09-08,organic,Enterprise,6,False,False,899,8,1,0,568.0,1862,54528,1.0,288,2594.1612903225805,9,20,0.06451612903225806,2.0,53.0,119.5,5.0,0.0
A-ad3abd,Company_410,FinTech,US,2023-03-03,event,Pro,44,False,False,1088,7,0,0,2413.714285714286,8756,202752,1.0,296,3271.2413793103447,11,20,0.034482758620689655,3.0,13.0,70.33333333333333,3.0,0.0
A-e19ff6,Company_411,Cybersecurity,UK,2023-07-28,partner,Enterprise,1,False,False,941,12,1,0,409.1666666666667,1960,58920,1.0,456,3218.7555555555555,24,26,0.022222222222222223,3.0,30.666666666666668,115.0,4.666666666666667,0.0
A-7920cc,Company_412,Cybersecurity,FR,2023-11-23,ads,Pro,39,False,False,823,16,1,0,3255.5625,13731,625068,0.0,601,2863.0967741935483,28,32,0.06451612903225806,7.0,32.857142857142854,113.42857142857143,4.333333333333333,0.0
A-5a92e7,Company_413,HealthTech,US,2024-06-11,ads,Pro,4,False,False,622,19,0,0,666.8947368421053,2107,152052,1.0,885,3251.0235294117647,76,37,0.09411764705882353,7.0,45.0,86.14285714285714,4.4,0.0
A-fdfc91,Company_414,Cybersecurity,US,2023-05-06,ads,Basic,29,False,False,1024,10,1,0,2061.2,9353,247344,0.0,564,2823.9821428571427,29,32,0.017857142857142856,5.0,28.8,121.0,3.6666666666666665,0.0
A-1e50e0,Company_415,Cybersecurity,DE,2023-02-21,other,Pro,19,True,True,1098,5,1,0,2659.0,4802,159540,1.0,194,3132.5,15,17,0.1,2.0,20.5,143.0,5.0,0.5
A-1e1b80,Company_416,FinTech,CA,2023-09-12,other,Enterprise,50,False,False,895,12,1,0,4053.9166666666665,9950,583764,1.0,682,3078.1617647058824,47,34,0.029411764705882353,6.0,43.0,67.5,3.2,0.0
A-659280,Company_417,FinTech,IN,2023-11-17,event,Enterprise,13,True,True,829,12,2,0,1787.5,6169,257400,1.0,613,3102.0333333333333,34,30,0.1,4.0,8.0,123.75,4.333333333333333,0.0
A-f6b2fb,Company_418,DevTools,AU,2024-04-23,event,Basic,23,False,False,671,10,1,1,2335.9,9751,280308,1.0,524,2880.2181818181816,37,29,0.14545454545454545,5.0,55.0,88.6,4.0,0.2
A-cb6cc6,Company_419,DevTools,US,2023-04-03,ads,Basic,13,True,False,1057,7,2,0,374.57142857142856,1225,31464,0.0,314,2906.2571428571428,26,21,0.0,3.0,16.333333333333332,131.66666666666666,3.5,0.0
A-d62e02,Company_420,Cybersecurity,US,2024-08-20,partner,Pro,6,False,False,552,10,1,1,2132.4,5373,255888,0.0,344,3728.1470588235293,23,25,0.11764705882352941,1.0,36.0,31.0,4.0,0.0
A-d535f6,Company_421,DevTools,US,2024-09-03,organic,Basic,12,True,True,538,9,1,3,823.8888888888889,2388,88980,1.0,477,3107.5106382978724,29,26,0.0851063829787234,,,,,
A-39868b,Company_422,FinTech,AU,2024-03-17,partner,Pro,9,False,False,708,5,1,0,838.8,1791,50328,1.0,305,3796.1428571428573,21,22,0.17857142857142858,6.0,39.0,100.83333333333333,4.25,0.0
A-3cc791,Company_423,EdTech,US,2024-01-10,other,Enterprise,6,False,False,775,8,0,0,1065.25,4378,102264,1.0,447,3239.8260869565215,30,28,0.10869565217391304,6.0,48.333333333333336,95.83333333333333,4.25,0.16666666666666666
A-337bc1,Company_424,Cybersecurity,US,2023-07-19,organic,Pro,30,True,False,950,7,2,2,2768.4285714285716,6766,232548,1.0,425,3281.7441860465115,34,27,0.09302325581395349,4.0,32.5,62.75,4.0,0.25
A-58b9ff,Company_425,DevTools,IN,2024-05-31,partner,Enterprise,2,False,False,633,13,1,1,1741.6923076923076,15124,271704,1.0,667,3088.107692307692,32,28,0.1076923076923077,2.0,66.0,79.0,4.0,0.5
A-bf7919,Company_426,HealthTech,US,2024-11-27,organic,Pro,3,False,False,453,6,0,0,260.0,735,18720,1.0,262,2979.153846153846,14,23,0.15384615384615385,2.0,14.5,81.5,5.0,0.0
A-1d5444,Company_427,Cybersecurity,US,2024-01-18,partner,Basic,24,False,True,767,14,2,0,2211.285714285714,8159,371496,1.0,592,3085.271186440678,35,28,0.1016949152542373,2.0,30.0,62.5,4.0,0.0
A-0f3e88,Company_428,HealthTech,US,2023-07-23,other,Basic,7,False,True,946,11,2,0,511.27272727272725,2189,67488,1.0,598,2993.728813559322,28,32,0.1016949152542373,3.0,48.0,67.0,4.5,0.0
A-7641d3,Company_429,EdTech,US,2023-02-16,partner,Pro,8,True,True,1103,11,0,1,1096.3636363636363,2989,144720,1.0,519,3295.1,26,28,0.08,5.0,45.2,124.6,4.333333333333333,0.4
A-cd458b,Company_430,DevTools,US,2024-06-15,other,Basic,10,True,False,618,15,0,1,2886.0666666666666,9353,519492,1.0,864,3174.095238095238,45,34,0.023809523809523808,5.0,38.4,81.2,4.6,0.0
A-c16b88,Company_431,HealthTech,US,2023-12-02,event,Enterprise,23,False,False,814,9,2,0,2259.777777777778,8955,244056,1.0,457,3228.3125,24,28,0.125,3.0,48.333333333333336,137.66666666666666,3.0,0.0
A-59f724,Company_432,HealthTech,US,2023-11-03,other,Enterprise,3,True,False,843,12,2,0,814.4166666666666,4378,117276,0.0,696,3260.1617647058824,47,33,0.08823529411764706,4.0,19.25,94.5,4.25,0.0
A-87aa7b,Company_433,HealthTech,US,2024-05-16,organic,Pro,24,True,False,648,16,4,2,1430.0625,4776,274572,1.0,742,2924.2361111111113,35,31,0.08333333333333333,3.0,27.333333333333332,72.66666666666667,,0.3333333333333333
A-1e6fc3,Company_434,EdTech,FR,2023-12-06,other,Pro,1,False,False,810,4,0,0,111.0,245,5328,1.0,244,3279.769230769231,19,19,0.038461538461538464,5.0,23.8,88.6,3.6666666666666665,0.0
A-39ddf4,Company_435,EdTech,US,2024-12-05,partner,Enterprise,40,False,False,445,9,0,0,3981.777777777778,7960,430032,1.0,455,3035.9565217391305,36,27,0.13043478260869565,5.0,23.0,76.2,4.25,0.0
A-34ea2f,Company_436,HealthTech,US,2024-08-15,organic,Enterprise,8,False,True,557,12,3,0,1215.25,4179,174996,1.0,550,3072.9298245614036,30,29,0.05263157894736842,8.0,35.25,65.625,3.8,0.0
A-716841,Company_437,FinTech,US,2024-05-06,other,Pro,45,False,False,658,8,0,0,3279.25,8955,314808,1.0,344,3269.4411764705883,13,26,0.029411764705882353,5.0,29.8,112.8,4.0,0.0
A-558c72,Company_438,FinTech,US,2023-06-01,organic,Basic,12,False,False,998,7,1,0,1310.142857142857,2985,110052,1.0,296,2784.5666666666666,16,19,0.13333333333333333,4.0,64.25,79.25,4.5,0.25
A-b11cd0,Company_439,DevTools,US,2023-01-20,ads,Pro,26,True,True,1130,6,0,0,801.0,1764,57672,0.0,278,2955.551724137931,16,21,0.034482758620689655,4.0,38.5,140.75,4.0,0.0
A-cc1d8d,Company_440,FinTech,US,2024-12-08,other,Pro,5,False,False,442,13,1,1,688.2307692307693,1596,107364,1.0,618,3243.8888888888887,48,33,0.1746031746031746,5.0,30.2,99.2,4.5,0.0
A-7f4db3,Company_441,FinTech,US,2023-03-05,other,Pro,4,False,False,1086,15,0,1,1751.7333333333333,8955,315312,1.0,844,3088.8888888888887,46,36,0.06666666666666667,5.0,16.6,91.4,3.25,0.2
A-db5e9e,Company_442,DevTools,US,2024-11-09,partner,Basic,4,False,False,471,8,0,1,1156.375,3383,111012,1.0,586,2997.4561403508774,27,29,0.12280701754385964,2.0,66.0,97.5,5.0,0.0
A-cc102e,Company_443,HealthTech,US,2024-04-15,partner,Enterprise,13,False,False,679,10,1,0,1006.3,2985,120756,1.0,394,2827.0697674418607,39,26,0.11627906976744186,4.0,33.25,109.0,4.333333333333333,0.0
A-82d8a6,Company_444,Cybersecurity,UK,2024-11-28,ads,Basic,5,False,False,452,17,5,2,1645.0588235294117,13532,335592,1.0,661,2836.2571428571428,38,32,0.12857142857142856,5.0,42.2,112.0,3.5,0.0
A-dec005,Company_445,HealthTech,US,2023-10-13,partner,Pro,21,False,False,864,10,1,0,3074.4,10746,368928,1.0,475,2847.3137254901962,44,31,0.11764705882352941,2.0,59.0,152.0,3.0,0.0
A-5790f4,Company_446,FinTech,UK,2024-12-22,event,Pro,1,True,False,428,6,0,0,3154.3333333333335,12537,227112,1.0,321,2739.657142857143,26,25,0.05714285714285714,4.0,44.0,57.25,4.0,0.25
A-7c83a1,Company_447,Cybersecurity,US,2024-05-06,partner,Pro,12,False,False,658,12,0,1,1394.25,5174,200772,1.0,632,3282.4032258064517,23,29,0.06451612903225806,4.0,42.0,86.25,4.0,0.0
A-297a2d,Company_448,HealthTech,UK,2023-05-05,event,Pro,27,False,False,1025,5,3,0,2874.6,7164,172476,0.0,244,2816.48,22,23,0.24,2.0,32.5,84.5,3.0,0.0
A-4c56c9,Company_449,FinTech,US,2023-12-20,partner,Enterprise,9,False,True,796,13,0,0,2343.923076923077,9751,365652,1.0,623,3061.359375,38,34,0.109375,5.0,38.6,68.2,3.75,0.0
A-cbbe12,Company_450,Cybersecurity,DE,2023-03-22,partner,Enterprise,40,False,False,1069,6,1,1,2180.1666666666665,7960,156972,0.0,178,2271.9545454545455,10,14,0.0,6.0,38.0,74.5,4.25,0.0
A-4a267b,Company_451,FinTech,US,2024-05-05,other,Pro,25,False,False,659,10,1,1,2968.7,12537,356244,1.0,498,3019.68,22,31,0.14,4.0,16.25,105.0,4.333333333333333,0.0
A-bcbe98,Company_452,Cybersecurity,US,2024-07-29,other,Enterprise,46,False,False,574,11,2,1,1969.6363636363637,9154,259992,1.0,635,2671.0615384615385,43,34,0.18461538461538463,7.0,38.285714285714285,61.57142857142857,4.0,0.14285714285714285
A-427b69,Company_453,FinTech,US,2024-08-23,other,Basic,17,False,False,549,10,0,0,1995.8,6766,239496,0.0,698,3082.9142857142856,36,32,0.15714285714285714,2.0,31.5,109.5,3.0,0.0
A-0be015,Company_454,FinTech,US,2024-10-15,event,Pro,19,False,False,496,5,0,0,235.6,456,14136,1.0,297,3150.1785714285716,13,19,0.10714285714285714,7.0,40.285714285714285,84.85714285714286,4.2,0.14285714285714285
A-054577,Company_455,EdTech,UK,2024-04-28,ads,Basic,2,False,False,666,16,1,1,2787.5625,16915,535212,0.0,833,2585.258823529412,52,36,0.11764705882352941,1.0,46.0,70.0,4.0,0.0
A-bc87bc,Company_456,FinTech,US,2024-07-17,event,Pro,3,False,False,586,8,0,0,1504.0,6169,144384,0.0,394,3754.4444444444443,14,24,0.08333333333333333,7.0,40.57142857142857,112.0,3.75,0.0
A-0f7d77,Company_457,FinTech,IN,2024-10-28,partner,Pro,3,False,False,483,6,0,0,387.6666666666667,1393,27912,1.0,298,3131.1,19,23,0.03333333333333333,5.0,27.2,74.6,5.0,0.0
A-e7beab,Company_458,EdTech,DE,2023-10-20,organic,Enterprise,5,False,False,857,7,0,0,1618.857142857143,4179,135984,1.0,373,3640.9444444444443,17,22,0.05555555555555555,6.0,36.666666666666664,124.66666666666667,4.0,0.0
A-a09355,Company_459,FinTech,US,2024-08-10,organic,Basic,14,False,False,562,16,0,1,2133.75,6567,409680,1.0,788,2782.871794871795,47,33,0.10256410256410256,5.0,32.6,66.6,4.0,0.0
A-31ab9a,Company_460,FinTech,DE,2024-03-03,organic,Pro,3,False,False,722,7,0,0,2257.4285714285716,5771,189624,1.0,340,3821.0882352941176,23,19,0.11764705882352941,7.0,43.142857142857146,67.71428571428571,3.5,0.0
A-0158bb,Company_461,FinTech,DE,2024-05-22,partner,Basic,5,False,False,642,6,1,0,678.3333333333334,2205,48840,0.0,364,3390.3055555555557,22,19,0.08333333333333333,1.0,32.0,50.0,3.0,0.0
A-f19b24,Company_462,Cybersecurity,US,2023-01-10,organic,Pro,29,True,False,1140,3,0,0,841.0,1421,30276,0.0,119,3834.3333333333335,10,12,0.0,2.0,35.5,74.0,4.0,0.5
A-798a3f,Company_463,DevTools,FR,2023-10-19,other,Enterprise,12,False,True,858,9,1,0,1572.4444444444443,5174,169824,1.0,352,2841.7837837837837,19,19,0.08108108108108109,5.0,33.0,45.2,4.0,0.0
A-42b791,Company_464,FinTech,AU,2024-05-20,event,Pro,3,False,False,644,7,0,0,2722.8571428571427,14925,228720,0.0,312,2646.65625,6,19,0.0625,3.0,33.666666666666664,72.0,4.0,0.0
A-068fc6,Company_465,EdTech,US,2023-07-17,event,Enterprise,35,False,False,952,10,1,0,2908.5,6965,349020,0.0,598,3204.0169491525426,29,32,0.0847457627118644,5.0,38.8,121.4,4.333333333333333,0.0
A-6f50ae,Company_466,FinTech,US,2023-09-21,partner,Pro,19,False,True,886,14,0,1,1900.5714285714287,9950,319296,1.0,811,2891.710843373494,48,35,0.060240963855421686,5.0,31.0,87.4,4.5,0.0
A-a2485e,Company_467,FinTech,US,2024-08-04,event,Pro,3,True,False,568,6,0,1,1462.5,3383,105300,0.0,317,3665.964285714286,13,22,0.17857142857142858,,,,,
A-bb1eaa,Company_468,Cybersecurity,US,2024-06-11,organic,Basic,21,False,False,622,5,0,1,2076.2,4179,124572,1.0,164,2666.8823529411766,7,15,0.11764705882352941,6.0,23.5,92.33333333333333,4.5,0.0
A-cc98bc,Company_469,DevTools,US,2023-05-24,ads,Basic,32,False,False,1006,10,1,0,2156.7,6368,258804,0.0,551,3027.735849056604,24,29,0.05660377358490566,3.0,4.666666666666667,122.33333333333333,4.0,0.0
A-d77f4c,Company_470,DevTools,US,2023-09-25,partner,Pro,4,True,False,882,14,4,1,3480.4285714285716,18706,584712,1.0,617,2936.2258064516127,32,31,0.0967741935483871,2.0,31.0,75.0,4.0,0.0
A-ccabf0,Company_471,HealthTech,IN,2023-11-06,organic,Pro,1,False,False,840,10,0,1,2237.9,11741,268548,1.0,506,3381.76,29,31,0.16,4.0,46.25,89.75,3.6666666666666665,0.0
A-700ade,Company_472,Cybersecurity,UK,2024-10-31,organic,Enterprise,1,True,False,480,8,0,0,2109.375,9552,202500,0.0,284,2944.1724137931033,18,20,0.06896551724137931,4.0,30.25,53.5,4.666666666666667,0.0
A-4a4c2d,Company_473,DevTools,US,2023-05-02,event,Enterprise,54,False,False,1028,13,1,1,2612.769230769231,10746,407592,0.0,587,2783.186440677966,37,28,0.01694915254237288,5.0,42.0,104.0,4.25,0.0
A-b7ef83,Company_474,Cybersecurity,UK,2024-05-29,partner,Pro,1,True,False,635,15,2,0,2391.2,8955,430416,1.0,738,3010.7916666666665,39,34,0.1111111111111111,2.0,47.5,79.0,4.0,0.0
A-e08cd3,Company_475,FinTech,US,2024-09-21,ads,Pro,67,True,False,520,11,0,1,6456.363636363636,13333,852240,1.0,432,3210.7906976744184,21,30,0.16279069767441862,8.0,30.375,93.0,4.0,0.0
A-19b2c8,Company_476,DevTools,IN,2023-06-06,other,Pro,20,False,False,993,13,1,0,2054.076923076923,5572,320436,1.0,601,2990.4920634920636,34,31,0.06349206349206349,3.0,29.333333333333332,90.0,4.666666666666667,0.0
A-970c97,Company_477,HealthTech,DE,2024-03-01,other,Enterprise,14,False,False,724,8,0,1,1922.625,5572,184572,0.0,444,3039.3636363636365,24,26,0.045454545454545456,1.0,61.0,139.0,5.0,0.0
A-6dee43,Company_478,FinTech,UK,2023-08-12,other,Basic,3,True,False,926,11,1,0,2070.0,15920,273240,1.0,461,2969.5,11,28,0.041666666666666664,5.0,44.2,48.8,4.333333333333333,0.0
A-5ed98d,Company_479,DevTools,US,2024-06-22,partner,Basic,24,False,False,611,8,1,0,1934.75,4776,185736,1.0,312,2822.3125,18,23,0.0625,5.0,35.8,91.8,5.0,0.0
A-c58f49,Company_480,EdTech,US,2024-07-31,other,Enterprise,70,True,False,572,7,1,0,10140.0,13930,851760,1.0,363,2856.315789473684,22,24,0.07894736842105263,3.0,36.333333333333336,60.0,5.0,0.3333333333333333
A-9c18c4,Company_481,HealthTech,US,2023-07-27,ads,Pro,11,False,True,942,10,3,0,1782.3,3781,213876,0.0,556,3186.660714285714,37,30,0.07142857142857142,4.0,42.25,130.25,4.0,0.0
A-cc8c8f,Company_482,DevTools,US,2024-06-16,ads,Enterprise,23,False,False,617,7,1,1,2228.5714285714284,5572,187200,1.0,268,2392.25,18,20,0.03571428571428571,2.0,14.5,123.0,3.5,0.0
A-5f7781,Company_483,DevTools,US,2024-08-20,other,Pro,22,False,False,552,5,1,0,2050.4,4378,123024,1.0,183,3861.3888888888887,10,16,0.1111111111111111,2.0,28.5,42.0,4.0,0.0
A-e1b9cd,Company_484,DevTools,US,2023-02-26,event,Pro,40,False,True,1093,15,0,3,2469.4666666666667,7960,444504,1.0,840,3045.2,47,34,0.1125,1.0,35.0,115.0,3.0,0.0
A-ac85cd,Company_485,EdTech,US,2024-07-31,partner,Enterprise,53,False,False,572,12,1,2,3438.9166666666665,12139,495204,1.0,634,2793.6825396825398,29,30,0.07936507936507936,3.0,33.666666666666664,76.33333333333333,3.5,0.0
A-d792a6,Company_486,DevTools,US,2023-01-23,organic,Enterprise,4,False,False,1127,15,1,1,1536.6,12935,276588,1.0,690,2991.1029411764707,40,32,0.10294117647058823,5.0,40.6,97.8,4.0,0.0
A-ac9111,Company_487,HealthTech,US,2023-08-12,event,Pro,21,True,False,926,16,0,1,1664.125,6368,319512,1.0,808,3064.2168674698796,46,36,0.12048192771084337,3.0,24.666666666666668,89.66666666666667,5.0,0.0
A-18793f,Company_488,EdTech,US,2024-12-18,organic,Basic,148,True,False,432,11,1,0,7144.363636363636,29452,943056,1.0,486,3506.4583333333335,20,30,0.08333333333333333,5.0,45.2,101.6,3.8,0.0
A-9f0b68,Company_489,EdTech,US,2024-04-28,ads,Basic,10,False,False,666,12,2,1,2376.5,6766,342216,1.0,709,2773.1857142857143,33,36,0.17142857142857143,3.0,30.333333333333332,96.33333333333333,3.0,0.0
A-d3c88e,Company_490,DevTools,US,2024-10-18,event,Pro,16,False,False,493,13,3,0,2014.076923076923,9353,314196,1.0,644,3195.046875,48,33,0.171875,3.0,58.0,48.0,4.0,0.0
A-ccb686,Company_491,DevTools,US,2024-01-22,other,Basic,10,False,False,763,12,4,1,1795.0833333333333,10547,258492,1.0,721,2912.114285714286,46,35,0.11428571428571428,1.0,67.0,30.0,4.0,0.0
A-118f1c,Company_492,Cybersecurity,US,2024-10-31,other,Pro,32,False,False,480,8,0,0,6520.0,25472,625920,1.0,369,2547.7894736842104,14,22,0.05263157894736842,1.0,64.0,141.0,3.0,0.0
A-0e966d,Company_493,FinTech,IN,2024-06-25,ads,Basic,11,False,True,608,11,0,0,1131.3636363636363,4577,149340,0.0,636,3088.828125,34,31,0.171875,3.0,31.666666666666668,95.33333333333333,4.5,0.3333333333333333
A-b9f5b1,Company_494,Cybersecurity,US,2023-01-24,other,Pro,15,True,False,1126,7,0,0,1010.2857142857143,2985,84864,1.0,307,3019.2,12,21,0.1,6.0,31.833333333333332,75.66666666666667,3.3333333333333335,0.16666666666666666
A-8ae3fc,Company_495,DevTools,CA,2024-06-28,ads,Pro,9,False,False,605,8,0,0,555.875,1666,53364,1.0,402,3339.5384615384614,30,26,0.1282051282051282,4.0,39.5,65.5,3.5,0.0
A-55f257,Company_496,FinTech,US,2023-12-21,organic,Basic,9,False,False,795,10,3,0,1213.7,4577,145644,0.0,476,2754.188679245283,25,31,0.11320754716981132,6.0,43.166666666666664,114.5,5.0,0.0
A-d26ab4,Company_497,DevTools,UK,2024-11-07,organic,Basic,9,False,True,473,9,0,1,1845.888888888889,6567,199356,1.0,458,2638.6739130434785,24,24,0.06521739130434782,2.0,49.5,110.0,4.0,0.0
A-712533,Company_498,EdTech,US,2023-07-31,organic,Pro,18,False,False,938,12,1,0,1615.1666666666667,3582,232584,1.0,571,3273.7454545454543,35,32,0.07272727272727272,5.0,37.4,97.2,3.75,0.0
A-781cc0,Company_499,EdTech,US,2024-09-04,organic,Pro,12,False,False,537,16,2,0,1144.6875,4378,219780,1.0,864,3103.5402298850577,42,31,0.08045977011494253,4.0,57.5,106.0,3.6666666666666665,0.0
